ID,Year_Birth,Education,Marital_Status,Income,Kidhome,Teenhome,Dt_Customer,Recency,MntWines,MntFruits,MntMeatProducts,MntFishProducts,MntSweetProducts,MntGoldProds,NumDealsPurchases,NumWebPurchases,Num,cluster
0,0,0,0,3,11,0CatalogPurchases,NumStorePurchases,NumWebVisitsMonth,AcceptedCmp3,AcceptedCmp4,AcceptedCmp5,AcceptedCmp1,AcceptedCmp2,Complain,Z_CostContact,Z_Revenue,Response,0
0,0,0,0,3,11,1,,,,,,,,,,,,0
0,0,0,0,3,11,0,,,,,,,,,,,,0
0,0,0,0,3,11,0,,,,,,,,,,,,0
0,0,0,0,3,11,0,,,,,,,,,,,,0
0,0,0,0,3,11,0,,,,,,,,,,,,0
0,0,0,0,3,11,0,,,,,,,,,,,,0
0,0,0,0,3,11,0,,,,,,,,,,,,0
0,0,0,0,3,11,1,,,,,,,,,,,,0
0,0,0,0,3,11,0,,,,,,,,,,,,0
0,0,0,0,3,11,0,,,,,,,,,,,,0
0,0,0,0,3,11,0,,,,,,,,,,,,0
0,0,0,0,3,11,0,,,,,,,,,,,,0
0,0,0,0,3,11,0,,,,,,,,,,,,0
0,0,0,0,3,11,0,,,,,,,,,,,,0
1,1,0,0,3,11,1,,,,,,,,,,,,3
0,0,0,0,3,11,0,,,,,,,,,,,,0
0,0,0,0,3,11,0,,,,,,,,,,,,0
0,1,0,0,3,11,0,,,,,,,,,,,,3
0,0,0,0,3,11,0,,,,,,,,,,,,0
0,0,0,0,3,11,0,,,,,,,,,,,,0
0,0,0,0,3,11,0,,,,,,,,,,,,0
0,0,0,0,3,11,0,,,,,,,,,,,,0
0,0,0,0,3,11,0,,,,,,,,,,,,0
0,0,0,0,3,11,0,,,,,,,,,,,,0
0,0,0,0,3,11,0,,,,,,,,,,,,0
0,0,0,0,3,11,0,,,,,,,,,,,,0
0,0,0,0,3,11,0,,,,,,,,,,,,0
0,0,0,0,3,11,0,,,,,,,,,,,,0
1,0,0,0,3,11,0,,,,,,,,,,,,0
0,0,0,0,3,11,0,,,,,,,,,,,,0
0,0,0,0,3,11,0,,,,,,,,,,,,0
0,0,0,0,3,11,0,,,,,,,,,,,,0
0,0,0,0,3,11,1,,,,,,,,,,,,0
0,0,0,0,3,11,0,,,,,,,,,,,,0
0,0,0,0,3,11,0,,,,,,,,,,,,0
0,0,0,0,3,11,0,,,,,,,,,,,,0
0,0,0,0,3,11,0,,,,,,,,,,,,0
0,0,0,0,3,11,0,,,,,,,,,,,,0
0,0,0,0,3,11,1,,,,,,,,,,,,0
0,0,0,0,3,11,0,,,,,,,,,,,,0
0,0,0,0,3,11,0,,,,,,,,,,,,0
0,0,0,0,3,11,0,,,,,,,,,,,,0
0,0,0,0,3,11,0,,,,,,,,,,,,0
0,0,0,0,3,11,0,,,,,,,,,,,,0
0,0,0,0,3,11,0,,,,,,,,,,,,0
0,0,0,0,3,11,1,,,,,,,,,,,,0
0,0,0,0,3,11,0,,,,,,,,,,,,0
0,0,0,0,3,11,0,,,,,,,,,,,,0
0,0,0,0,3,11,0,,,,,,,,,,,,0
0,0,0,0,3,11,0,,,,,,,,,,,,0
0,0,0,0,3,11,0,,,,,,,,,,,,0
0,0,0,0,3,11,0,,,,,,,,,,,,0
0,1,0,0,3,11,1,,,,,,,,,,,,3
0,0,0,0,3,11,0,,,,,,,,,,,,0
1,0,0,0,3,11,1,,,,,,,,,,,,0
0,0,0,0,3,11,1,,,,,,,,,,,,0
0,0,0,0,3,11,0,,,,,,,,,,,,0
0,0,0,0,3,11,0,,,,,,,,,,,,0
0,0,0,0,3,11,0,,,,,,,,,,,,0
1,0,0,0,3,11,1,,,,,,,,,,,,0
0,0,0,0,3,11,0,,,,,,,,,,,,0
0,0,0,0,3,11,0,,,,,,,,,,,,0
0,0,0,0,3,11,0,,,,,,,,,,,,0
0,0,0,0,3,11,0,,,,,,,,,,,,0
0,0,0,0,3,11,1,,,,,,,,,,,,0
0,0,0,0,3,11,0,,,,,,,,,,,,0
0,1,0,0,3,11,1,,,,,,,,,,,,3
0,0,0,0,3,11,0,,,,,,,,,,,,0
0,0,0,0,3,11,0,,,,,,,,,,,,0
0,0,0,0,3,11,0,,,,,,,,,,,,0
0,0,0,0,3,11,0,,,,,,,,,,,,0
0,0,0,0,3,11,0,,,,,,,,,,,,0
0,0,0,0,3,11,0,,,,,,,,,,,,0
0,0,0,0,3,11,0,,,,,,,,,,,,0
0,0,0,0,3,11,0,,,,,,,,,,,,0
0,0,0,0,3,11,1,,,,,,,,,,,,0
0,0,0,0,3,11,1,,,,,,,,,,,,0
0,0,0,1,3,11,0,,,,,,,,,,,,2
0,0,0,0,3,11,1,,,,,,,,,,,,0
0,0,0,0,3,11,0,,,,,,,,,,,,0
0,0,0,0,3,11,0,,,,,,,,,,,,0
0,0,0,0,3,11,0,,,,,,,,,,,,0
0,0,0,0,3,11,0,,,,,,,,,,,,0
0,0,0,0,3,11,0,,,,,,,,,,,,0
0,0,0,0,3,11,0,,,,,,,,,,,,0
0,0,0,0,3,11,0,,,,,,,,,,,,0
0,1,0,0,3,11,1,,,,,,,,,,,,3
1,0,0,0,3,11,0,,,,,,,,,,,,0
0,0,0,0,3,11,0,,,,,,,,,,,,0
0,0,0,0,3,11,0,,,,,,,,,,,,0
0,0,0,0,3,11,0,,,,,,,,,,,,0
0,0,0,0,3,11,0,,,,,,,,,,,,0
0,0,0,0,3,11,0,,,,,,,,,,,,0
0,0,0,0,3,11,0,,,,,,,,,,,,0
0,0,0,0,3,11,0,,,,,,,,,,,,0
0,0,0,0,3,11,0,,,,,,,,,,,,0
0,0,0,0,3,11,0,,,,,,,,,,,,0
0,1,0,0,3,11,0,,,,,,,,,,,,3
0,0,0,0,3,11,0,,,,,,,,,,,,0
0,0,0,0,3,11,0,,,,,,,,,,,,0
0,0,0,0,3,11,0,,,,,,,,,,,,0
0,0,0,0,3,11,0,,,,,,,,,,,,0
0,0,0,0,3,11,0,,,,,,,,,,,,0
0,0,0,0,3,11,1,,,,,,,,,,,,0
0,0,0,0,3,11,0,,,,,,,,,,,,0
0,0,0,0,3,11,0,,,,,,,,,,,,0
0,0,0,0,3,11,0,,,,,,,,,,,,0
0,0,0,0,3,11,0,,,,,,,,,,,,0
0,0,0,0,3,11,0,,,,,,,,,,,,0
0,0,0,0,3,11,0,,,,,,,,,,,,0
0,0,0,0,3,11,1,,,,,,,,,,,,0
0,0,0,0,3,11,0,,,,,,,,,,,,0
1,0,0,0,3,11,1,,,,,,,,,,,,0
0,0,0,0,3,11,0,,,,,,,,,,,,0
0,0,0,0,3,11,0,,,,,,,,,,,,0
1,1,0,0,3,11,0,,,,,,,,,,,,3
0,0,0,0,3,11,0,,,,,,,,,,,,0
0,0,0,0,3,11,0,,,,,,,,,,,,0
0,0,0,0,3,11,0,,,,,,,,,,,,0
0,0,0,0,3,11,0,,,,,,,,,,,,0
0,0,0,0,3,11,1,,,,,,,,,,,,0
0,0,0,0,3,11,0,,,,,,,,,,,,0
0,0,0,0,3,11,0,,,,,,,,,,,,0
1,1,0,0,3,11,1,,,,,,,,,,,,3
0,0,0,0,3,11,0,,,,,,,,,,,,0
0,0,0,0,3,11,1,,,,,,,,,,,,0
0,0,0,0,3,11,0,,,,,,,,,,,,0
0,0,0,0,3,11,0,,,,,,,,,,,,0
0,0,0,0,3,11,0,,,,,,,,,,,,0
0,0,0,0,3,11,0,,,,,,,,,,,,0
0,0,0,0,3,11,0,,,,,,,,,,,,0
0,0,0,0,3,11,0,,,,,,,,,,,,0
0,0,0,0,3,11,0,,,,,,,,,,,,0
0,0,0,0,3,11,0,,,,,,,,,,,,0
0,0,0,0,3,11,0,,,,,,,,,,,,0
0,0,0,0,3,11,0,,,,,,,,,,,,0
0,0,0,0,3,11,0,,,,,,,,,,,,0
0,0,0,0,3,11,1,,,,,,,,,,,,0
0,0,0,0,3,11,0,,,,,,,,,,,,0
0,0,0,0,3,11,0,,,,,,,,,,,,0
0,0,0,0,3,11,1,,,,,,,,,,,,0
0,0,0,0,3,11,0,,,,,,,,,,,,0
0,0,0,0,3,11,0,,,,,,,,,,,,0
0,0,0,0,3,11,0,,,,,,,,,,,,0
0,0,0,0,3,11,0,,,,,,,,,,,,0
0,0,0,0,3,11,1,,,,,,,,,,,,0
0,0,0,1,3,11,0,,,,,,,,,,,,2
0,0,0,0,3,11,0,,,,,,,,,,,,0
0,0,0,0,3,11,0,,,,,,,,,,,,0
0,0,0,0,3,11,0,,,,,,,,,,,,0
0,0,0,0,3,11,0,,,,,,,,,,,,0
0,0,0,0,3,11,0,,,,,,,,,,,,0
0,0,0,0,3,11,0,,,,,,,,,,,,0
0,0,0,0,3,11,0,,,,,,,,,,,,0
1,0,0,0,3,11,1,,,,,,,,,,,,0
0,0,0,0,3,11,0,,,,,,,,,,,,0
0,0,0,0,3,11,0,,,,,,,,,,,,0
0,0,0,0,3,11,0,,,,,,,,,,,,0
0,0,0,0,3,11,0,,,,,,,,,,,,0
0,0,0,0,3,11,0,,,,,,,,,,,,0
0,0,0,0,3,11,0,,,,,,,,,,,,0
0,0,0,0,3,11,0,,,,,,,,,,,,0
0,0,0,0,3,11,0,,,,,,,,,,,,0
0,0,0,0,3,11,0,,,,,,,,,,,,0
0,0,0,0,3,11,0,,,,,,,,,,,,0
0,0,0,0,3,11,0,,,,,,,,,,,,0
0,0,0,0,3,11,0,,,,,,,,,,,,0
0,0,0,0,3,11,0,,,,,,,,,,,,0
0,0,0,0,3,11,0,,,,,,,,,,,,0
0,0,0,0,3,11,0,,,,,,,,,,,,0
0,0,0,0,3,11,0,,,,,,,,,,,,0
0,0,0,0,3,11,0,,,,,,,,,,,,0
0,0,0,0,3,11,0,,,,,,,,,,,,0
0,0,0,0,3,11,0,,,,,,,,,,,,0
0,0,0,0,3,11,0,,,,,,,,,,,,0
0,1,0,0,3,11,1,,,,,,,,,,,,3
0,0,0,0,3,11,0,,,,,,,,,,,,0
0,0,0,0,3,11,0,,,,,,,,,,,,0
0,1,0,0,3,11,0,,,,,,,,,,,,3
0,0,0,0,3,11,0,,,,,,,,,,,,0
0,0,0,0,3,11,0,,,,,,,,,,,,0
0,0,0,0,3,11,0,,,,,,,,,,,,0
0,0,0,0,3,11,0,,,,,,,,,,,,0
0,0,0,0,3,11,0,,,,,,,,,,,,0
0,0,0,0,3,11,0,,,,,,,,,,,,0
0,0,0,0,3,11,0,,,,,,,,,,,,0
0,0,0,0,3,11,0,,,,,,,,,,,,0
0,0,0,0,3,11,0,,,,,,,,,,,,0
0,0,0,0,3,11,0,,,,,,,,,,,,0
0,0,0,0,3,11,0,,,,,,,,,,,,0
0,0,0,0,3,11,0,,,,,,,,,,,,0
0,0,0,1,3,11,0,,,,,,,,,,,,2
0,0,0,0,3,11,0,,,,,,,,,,,,0
0,0,0,0,3,11,0,,,,,,,,,,,,0
0,0,0,0,3,11,0,,,,,,,,,,,,0
0,0,0,0,3,11,0,,,,,,,,,,,,0
1,0,0,0,3,11,0,,,,,,,,,,,,0
0,0,0,0,3,11,0,,,,,,,,,,,,0
0,0,0,0,3,11,1,,,,,,,,,,,,0
0,0,0,0,3,11,0,,,,,,,,,,,,0
0,0,0,0,3,11,0,,,,,,,,,,,,0
0,0,0,0,3,11,0,,,,,,,,,,,,0
1,1,0,0,3,11,1,,,,,,,,,,,,3
0,0,0,0,3,11,0,,,,,,,,,,,,0
0,0,0,0,3,11,1,,,,,,,,,,,,0
0,0,0,0,3,11,0,,,,,,,,,,,,0
0,0,0,0,3,11,0,,,,,,,,,,,,0
0,0,0,0,3,11,0,,,,,,,,,,,,0
0,0,0,0,3,11,1,,,,,,,,,,,,0
0,0,0,0,3,11,0,,,,,,,,,,,,0
0,0,0,0,3,11,0,,,,,,,,,,,,0
0,0,0,0,3,11,0,,,,,,,,,,,,0
0,0,0,0,3,11,0,,,,,,,,,,,,0
0,0,0,0,3,11,0,,,,,,,,,,,,0
0,0,0,0,3,11,0,,,,,,,,,,,,0
0,0,0,0,3,11,0,,,,,,,,,,,,0
1,0,0,0,3,11,0,,,,,,,,,,,,0
0,0,0,0,3,11,0,,,,,,,,,,,,0
0,0,0,0,3,11,0,,,,,,,,,,,,0
0,0,0,0,3,11,0,,,,,,,,,,,,0
0,0,0,0,3,11,0,,,,,,,,,,,,0
0,0,0,0,3,11,0,,,,,,,,,,,,0
0,0,0,0,3,11,0,,,,,,,,,,,,0
0,0,0,0,3,11,0,,,,,,,,,,,,0
0,0,0,0,3,11,0,,,,,,,,,,,,0
0,0,0,0,3,11,0,,,,,,,,,,,,0
0,0,0,0,3,11,0,,,,,,,,,,,,0
0,0,0,0,3,11,0,,,,,,,,,,,,0
0,0,0,0,3,11,0,,,,,,,,,,,,0
0,0,0,0,3,11,1,,,,,,,,,,,,0
1,0,0,0,3,11,0,,,,,,,,,,,,0
0,0,0,0,3,11,0,,,,,,,,,,,,0
0,0,0,0,3,11,0,,,,,,,,,,,,0
0,0,0,0,3,11,0,,,,,,,,,,,,0
0,0,0,0,3,11,0,,,,,,,,,,,,0
0,0,0,0,3,11,0,,,,,,,,,,,,0
0,0,0,0,3,11,0,,,,,,,,,,,,0
0,0,0,0,3,11,0,,,,,,,,,,,,0
0,0,0,0,3,11,0,,,,,,,,,,,,0
0,0,0,0,3,11,0,,,,,,,,,,,,0
0,0,0,0,3,11,0,,,,,,,,,,,,0
0,0,0,0,3,11,0,,,,,,,,,,,,0
0,1,0,0,3,11,1,,,,,,,,,,,,3
0,0,0,0,3,11,0,,,,,,,,,,,,0
0,0,0,0,3,11,0,,,,,,,,,,,,0
1,1,0,0,3,11,1,,,,,,,,,,,,3
0,0,0,0,3,11,0,,,,,,,,,,,,0
0,0,0,0,3,11,0,,,,,,,,,,,,0
0,0,0,0,3,11,0,,,,,,,,,,,,0
0,0,0,0,3,11,0,,,,,,,,,,,,0
0,0,0,0,3,11,0,,,,,,,,,,,,0
1,1,1,0,3,11,1,,,,,,,,,,,,1
0,0,0,0,3,11,0,,,,,,,,,,,,0
0,0,0,0,3,11,0,,,,,,,,,,,,0
0,0,0,0,3,11,0,,,,,,,,,,,,0
0,0,0,0,3,11,0,,,,,,,,,,,,0
0,0,0,0,3,11,0,,,,,,,,,,,,0
0,0,0,0,3,11,0,,,,,,,,,,,,0
0,0,0,0,3,11,0,,,,,,,,,,,,0
0,0,0,0,3,11,1,,,,,,,,,,,,0
0,0,0,0,3,11,0,,,,,,,,,,,,0
0,0,0,0,3,11,0,,,,,,,,,,,,0
0,0,0,0,3,11,0,,,,,,,,,,,,0
0,0,0,0,3,11,1,,,,,,,,,,,,0
0,0,0,0,3,11,0,,,,,,,,,,,,0
0,0,0,0,3,11,0,,,,,,,,,,,,0
0,0,0,0,3,11,1,,,,,,,,,,,,0
0,0,0,0,3,11,0,,,,,,,,,,,,0
0,0,0,0,3,11,0,,,,,,,,,,,,0
0,0,0,0,3,11,1,,,,,,,,,,,,0
0,0,0,1,3,11,0,,,,,,,,,,,,2
0,0,0,0,3,11,0,,,,,,,,,,,,0
0,0,0,0,3,11,0,,,,,,,,,,,,0
0,0,0,0,3,11,0,,,,,,,,,,,,0
0,0,0,0,3,11,0,,,,,,,,,,,,0
0,0,0,0,3,11,1,,,,,,,,,,,,0
0,0,0,0,3,11,0,,,,,,,,,,,,0
0,1,0,0,3,11,1,,,,,,,,,,,,3
0,0,0,0,3,11,0,,,,,,,,,,,,0
0,0,0,0,3,11,0,,,,,,,,,,,,0
0,0,0,0,3,11,0,,,,,,,,,,,,0
0,0,0,0,3,11,0,,,,,,,,,,,,0
0,0,0,0,3,11,0,,,,,,,,,,,,0
0,0,0,0,3,11,0,,,,,,,,,,,,0
0,0,0,0,3,11,0,,,,,,,,,,,,0
0,0,0,0,3,11,0,,,,,,,,,,,,0
0,0,0,0,3,11,0,,,,,,,,,,,,0
0,0,0,0,3,11,0,,,,,,,,,,,,0
0,0,0,0,3,11,0,,,,,,,,,,,,0
0,0,0,0,3,11,0,,,,,,,,,,,,0
0,0,0,0,3,11,0,,,,,,,,,,,,0
1,0,0,0,3,11,0,,,,,,,,,,,,0
0,0,0,0,3,11,0,,,,,,,,,,,,0
0,0,0,0,3,11,0,,,,,,,,,,,,0
0,0,1,0,3,11,0,,,,,,,,,,,,1
0,0,0,0,3,11,0,,,,,,,,,,,,0
0,0,0,0,3,11,0,,,,,,,,,,,,0
0,0,0,0,3,11,0,,,,,,,,,,,,0
0,0,0,0,3,11,0,,,,,,,,,,,,0
0,0,0,0,3,11,0,,,,,,,,,,,,0
0,0,0,0,3,11,0,,,,,,,,,,,,0
0,0,0,0,3,11,0,,,,,,,,,,,,0
0,0,0,0,3,11,0,,,,,,,,,,,,0
0,0,0,0,3,11,0,,,,,,,,,,,,0
0,1,0,0,3,11,0,,,,,,,,,,,,3
0,0,0,0,3,11,1,,,,,,,,,,,,0
1,0,0,0,3,11,0,,,,,,,,,,,,0
0,0,0,0,3,11,0,,,,,,,,,,,,0
0,0,0,0,3,11,0,,,,,,,,,,,,0
0,0,0,0,3,11,0,,,,,,,,,,,,0
0,0,0,0,3,11,0,,,,,,,,,,,,0
0,1,0,0,3,11,0,,,,,,,,,,,,3
0,0,0,0,3,11,0,,,,,,,,,,,,0
0,0,0,0,3,11,0,,,,,,,,,,,,0
0,0,0,0,3,11,0,,,,,,,,,,,,0
0,0,0,0,3,11,0,,,,,,,,,,,,0
0,0,0,0,3,11,0,,,,,,,,,,,,0
0,0,0,0,3,11,0,,,,,,,,,,,,0
0,1,0,0,3,11,0,,,,,,,,,,,,3
0,0,0,0,3,11,0,,,,,,,,,,,,0
0,0,0,0,3,11,0,,,,,,,,,,,,0
0,0,0,0,3,11,0,,,,,,,,,,,,0
0,0,0,0,3,11,0,,,,,,,,,,,,0
0,0,0,0,3,11,0,,,,,,,,,,,,0
0,0,0,0,3,11,0,,,,,,,,,,,,0
0,0,0,0,3,11,0,,,,,,,,,,,,0
0,0,0,0,3,11,0,,,,,,,,,,,,0
0,0,0,0,3,11,0,,,,,,,,,,,,0
0,0,0,0,3,11,0,,,,,,,,,,,,0
0,0,0,0,3,11,0,,,,,,,,,,,,0
0,0,0,0,3,11,0,,,,,,,,,,,,0
0,0,0,0,3,11,1,,,,,,,,,,,,0
0,0,0,0,3,11,1,,,,,,,,,,,,0
0,0,0,0,3,11,0,,,,,,,,,,,,0
0,0,0,0,3,11,0,,,,,,,,,,,,0
1,1,0,0,3,11,1,,,,,,,,,,,,3
0,0,0,0,3,11,0,,,,,,,,,,,,0
1,0,0,0,3,11,1,,,,,,,,,,,,0
1,0,0,0,3,11,0,,,,,,,,,,,,0
0,0,0,0,3,11,0,,,,,,,,,,,,0
0,0,0,0,3,11,0,,,,,,,,,,,,0
0,0,1,0,3,11,0,,,,,,,,,,,,1
0,0,0,0,3,11,0,,,,,,,,,,,,0
0,0,0,0,3,11,1,,,,,,,,,,,,0
0,0,0,0,3,11,0,,,,,,,,,,,,0
0,0,0,0,3,11,0,,,,,,,,,,,,0
0,0,0,0,3,11,1,,,,,,,,,,,,0
0,0,0,0,3,11,0,,,,,,,,,,,,0
0,0,0,0,3,11,0,,,,,,,,,,,,0
0,0,0,0,3,11,0,,,,,,,,,,,,0
1,0,0,0,3,11,0,,,,,,,,,,,,0
0,0,0,0,3,11,1,,,,,,,,,,,,0
0,0,0,0,3,11,0,,,,,,,,,,,,0
0,0,0,0,3,11,0,,,,,,,,,,,,0
0,0,0,1,3,11,0,,,,,,,,,,,,2
0,0,0,0,3,11,0,,,,,,,,,,,,0
0,0,0,0,3,11,0,,,,,,,,,,,,0
0,0,0,1,3,11,0,,,,,,,,,,,,2
0,0,0,0,3,11,0,,,,,,,,,,,,0
0,0,0,0,3,11,0,,,,,,,,,,,,0
0,0,0,0,3,11,0,,,,,,,,,,,,0
0,0,0,0,3,11,0,,,,,,,,,,,,0
0,0,0,0,3,11,0,,,,,,,,,,,,0
0,0,0,0,3,11,0,,,,,,,,,,,,0
0,0,0,0,3,11,0,,,,,,,,,,,,0
0,0,0,0,3,11,0,,,,,,,,,,,,0
0,0,0,0,3,11,0,,,,,,,,,,,,0
0,0,0,0,3,11,0,,,,,,,,,,,,0
0,0,0,0,3,11,0,,,,,,,,,,,,0
0,0,0,0,3,11,0,,,,,,,,,,,,0
0,0,0,0,3,11,0,,,,,,,,,,,,0
0,0,0,0,3,11,0,,,,,,,,,,,,0
0,0,0,0,3,11,0,,,,,,,,,,,,0
0,0,0,0,3,11,1,,,,,,,,,,,,0
0,0,0,0,3,11,0,,,,,,,,,,,,0
0,0,0,0,3,11,1,,,,,,,,,,,,0
0,0,0,0,3,11,0,,,,,,,,,,,,0
0,0,0,0,3,11,0,,,,,,,,,,,,0
0,0,0,0,3,11,0,,,,,,,,,,,,0
0,0,0,0,3,11,0,,,,,,,,,,,,0
0,0,0,0,3,11,0,,,,,,,,,,,,0
0,0,0,0,3,11,0,,,,,,,,,,,,0
0,0,0,0,3,11,0,,,,,,,,,,,,0
0,0,0,0,3,11,0,,,,,,,,,,,,0
0,0,0,0,3,11,0,,,,,,,,,,,,0
0,0,0,0,3,11,1,,,,,,,,,,,,0
0,0,0,0,3,11,0,,,,,,,,,,,,0
0,0,0,0,3,11,0,,,,,,,,,,,,0
0,0,0,0,3,11,0,,,,,,,,,,,,0
1,0,0,0,3,11,0,,,,,,,,,,,,0
0,0,0,0,3,11,0,,,,,,,,,,,,0
0,0,0,0,3,11,0,,,,,,,,,,,,0
0,0,0,0,3,11,0,,,,,,,,,,,,0
0,0,0,0,3,11,0,,,,,,,,,,,,0
0,0,0,0,3,11,0,,,,,,,,,,,,0
0,0,0,0,3,11,0,,,,,,,,,,,,0
0,0,0,0,3,11,1,,,,,,,,,,,,0
0,0,0,0,3,11,0,,,,,,,,,,,,0
0,0,0,0,3,11,1,,,,,,,,,,,,0
0,0,0,0,3,11,0,,,,,,,,,,,,0
0,0,0,0,3,11,0,,,,,,,,,,,,0
0,0,0,0,3,11,0,,,,,,,,,,,,0
0,0,0,0,3,11,0,,,,,,,,,,,,0
0,0,0,0,3,11,1,,,,,,,,,,,,0
0,0,0,0,3,11,0,,,,,,,,,,,,0
0,0,0,0,3,11,1,,,,,,,,,,,,0
0,0,0,0,3,11,0,,,,,,,,,,,,0
0,0,0,0,3,11,0,,,,,,,,,,,,0
0,0,0,0,3,11,0,,,,,,,,,,,,0
0,0,0,0,3,11,1,,,,,,,,,,,,0
0,0,0,0,3,11,0,,,,,,,,,,,,0
0,1,0,0,3,11,0,,,,,,,,,,,,3
0,0,0,0,3,11,0,,,,,,,,,,,,0
0,0,0,0,3,11,0,,,,,,,,,,,,0
0,0,0,0,3,11,0,,,,,,,,,,,,0
0,0,0,0,3,11,0,,,,,,,,,,,,0
1,1,1,0,3,11,0,,,,,,,,,,,,1
1,1,0,0,3,11,1,,,,,,,,,,,,3
0,0,0,0,3,11,0,,,,,,,,,,,,0
0,0,0,0,3,11,0,,,,,,,,,,,,0
0,0,0,0,3,11,0,,,,,,,,,,,,0
0,0,0,0,3,11,0,,,,,,,,,,,,0
1,0,0,0,3,11,1,,,,,,,,,,,,0
1,0,0,0,3,11,0,,,,,,,,,,,,0
0,0,0,0,3,11,0,,,,,,,,,,,,0
1,1,0,0,3,11,0,,,,,,,,,,,,3
0,1,0,0,3,11,0,,,,,,,,,,,,3
0,0,0,0,3,11,0,,,,,,,,,,,,0
0,0,0,0,3,11,0,,,,,,,,,,,,0
1,1,1,0,3,11,1,,,,,,,,,,,,1
0,0,0,0,3,11,0,,,,,,,,,,,,0
0,0,0,0,3,11,0,,,,,,,,,,,,0
0,0,0,0,3,11,0,,,,,,,,,,,,0
0,0,0,0,3,11,0,,,,,,,,,,,,0
0,0,0,0,3,11,0,,,,,,,,,,,,0
0,0,0,0,3,11,0,,,,,,,,,,,,0
0,0,0,0,3,11,0,,,,,,,,,,,,0
0,0,0,0,3,11,0,,,,,,,,,,,,0
0,0,0,0,3,11,0,,,,,,,,,,,,0
0,0,0,0,3,11,0,,,,,,,,,,,,0
0,0,0,0,3,11,0,,,,,,,,,,,,0
0,0,0,0,3,11,0,,,,,,,,,,,,0
0,0,0,0,3,11,0,,,,,,,,,,,,0
0,0,0,0,3,11,0,,,,,,,,,,,,0
0,0,0,0,3,11,0,,,,,,,,,,,,0
0,0,0,0,3,11,0,,,,,,,,,,,,0
0,1,0,0,3,11,0,,,,,,,,,,,,3
0,0,0,0,3,11,0,,,,,,,,,,,,0
0,0,0,0,3,11,0,,,,,,,,,,,,0
0,0,0,0,3,11,0,,,,,,,,,,,,0
0,0,0,0,3,11,0,,,,,,,,,,,,0
0,0,0,0,3,11,0,,,,,,,,,,,,0
0,0,0,0,3,11,0,,,,,,,,,,,,0
0,0,0,0,3,11,0,,,,,,,,,,,,0
0,0,0,0,3,11,0,,,,,,,,,,,,0
0,1,0,0,3,11,1,,,,,,,,,,,,3
0,0,0,0,3,11,1,,,,,,,,,,,,0
0,0,0,0,3,11,0,,,,,,,,,,,,0
0,0,0,0,3,11,0,,,,,,,,,,,,0
0,1,0,0,3,11,1,,,,,,,,,,,,3
0,0,0,0,3,11,0,,,,,,,,,,,,0
0,0,0,0,3,11,0,,,,,,,,,,,,0
0,0,0,0,3,11,0,,,,,,,,,,,,0
0,0,0,0,3,11,0,,,,,,,,,,,,0
0,0,0,0,3,11,0,,,,,,,,,,,,0
1,0,0,0,3,11,1,,,,,,,,,,,,0
0,0,0,0,3,11,0,,,,,,,,,,,,0
0,0,0,0,3,11,0,,,,,,,,,,,,0
0,0,0,0,3,11,0,,,,,,,,,,,,0
0,0,0,0,3,11,0,,,,,,,,,,,,0
0,0,0,0,3,11,1,,,,,,,,,,,,0
0,0,0,0,3,11,1,,,,,,,,,,,,0
0,0,0,0,3,11,0,,,,,,,,,,,,0
0,0,0,0,3,11,0,,,,,,,,,,,,0
0,0,0,0,3,11,0,,,,,,,,,,,,0
0,0,0,0,3,11,0,,,,,,,,,,,,0
0,0,0,0,3,11,0,,,,,,,,,,,,0
0,0,0,0,3,11,0,,,,,,,,,,,,0
0,0,0,0,3,11,0,,,,,,,,,,,,0
0,0,0,0,3,11,0,,,,,,,,,,,,0
0,0,0,0,3,11,0,,,,,,,,,,,,0
0,0,0,0,3,11,1,,,,,,,,,,,,0
0,0,0,0,3,11,0,,,,,,,,,,,,0
0,0,0,0,3,11,0,,,,,,,,,,,,0
0,0,0,0,3,11,1,,,,,,,,,,,,0
0,0,0,0,3,11,0,,,,,,,,,,,,0
0,0,0,0,3,11,0,,,,,,,,,,,,0
0,0,0,0,3,11,0,,,,,,,,,,,,0
0,0,0,0,3,11,0,,,,,,,,,,,,0
0,0,0,0,3,11,0,,,,,,,,,,,,0
0,0,0,0,3,11,0,,,,,,,,,,,,0
0,1,0,0,3,11,0,,,,,,,,,,,,3
0,0,0,0,3,11,0,,,,,,,,,,,,0
0,0,0,0,3,11,0,,,,,,,,,,,,0
0,0,0,0,3,11,0,,,,,,,,,,,,0
0,0,0,0,3,11,0,,,,,,,,,,,,0
0,0,0,0,3,11,0,,,,,,,,,,,,0
0,0,0,0,3,11,0,,,,,,,,,,,,0
0,0,0,0,3,11,0,,,,,,,,,,,,0
0,0,0,0,3,11,0,,,,,,,,,,,,0
0,0,0,0,3,11,0,,,,,,,,,,,,0
0,0,0,0,3,11,0,,,,,,,,,,,,0
0,0,0,0,3,11,0,,,,,,,,,,,,0
0,0,0,0,3,11,0,,,,,,,,,,,,0
0,0,0,0,3,11,0,,,,,,,,,,,,0
0,0,0,0,3,11,0,,,,,,,,,,,,0
0,0,0,0,3,11,0,,,,,,,,,,,,0
0,0,0,0,3,11,0,,,,,,,,,,,,0
0,0,0,0,3,11,0,,,,,,,,,,,,0
0,0,0,0,3,11,0,,,,,,,,,,,,0
0,0,0,0,3,11,0,,,,,,,,,,,,0
0,0,0,0,3,11,0,,,,,,,,,,,,0
1,0,0,0,3,11,0,,,,,,,,,,,,0
0,0,0,0,3,11,0,,,,,,,,,,,,0
0,0,0,0,3,11,0,,,,,,,,,,,,0
0,0,0,0,3,11,0,,,,,,,,,,,,0
0,0,0,0,3,11,0,,,,,,,,,,,,0
0,0,0,0,3,11,0,,,,,,,,,,,,0
1,1,0,0,3,11,0,,,,,,,,,,,,3
0,0,0,0,3,11,0,,,,,,,,,,,,0
0,0,0,0,3,11,0,,,,,,,,,,,,0
0,0,0,0,3,11,0,,,,,,,,,,,,0
1,0,0,0,3,11,0,,,,,,,,,,,,0
0,0,0,0,3,11,1,,,,,,,,,,,,0
0,0,0,0,3,11,0,,,,,,,,,,,,0
0,0,0,0,3,11,0,,,,,,,,,,,,0
0,0,0,0,3,11,0,,,,,,,,,,,,0
0,0,0,0,3,11,0,,,,,,,,,,,,0
0,0,0,0,3,11,0,,,,,,,,,,,,0
0,0,0,0,3,11,0,,,,,,,,,,,,0
0,0,0,0,3,11,0,,,,,,,,,,,,0
0,0,0,0,3,11,0,,,,,,,,,,,,0
0,0,0,0,3,11,0,,,,,,,,,,,,0
0,0,0,0,3,11,0,,,,,,,,,,,,0
0,0,0,0,3,11,0,,,,,,,,,,,,0
0,0,0,0,3,11,0,,,,,,,,,,,,0
1,0,0,0,3,11,1,,,,,,,,,,,,0
0,0,0,0,3,11,0,,,,,,,,,,,,0
0,0,0,0,3,11,0,,,,,,,,,,,,0
0,0,0,0,3,11,0,,,,,,,,,,,,0
0,0,0,0,3,11,0,,,,,,,,,,,,0
0,0,0,0,3,11,0,,,,,,,,,,,,0
1,0,0,0,3,11,1,,,,,,,,,,,,0
0,0,0,0,3,11,0,,,,,,,,,,,,0
0,0,0,0,3,11,0,,,,,,,,,,,,0
0,0,0,0,3,11,1,,,,,,,,,,,,0
0,0,0,0,3,11,0,,,,,,,,,,,,0
0,0,0,0,3,11,1,,,,,,,,,,,,0
0,0,0,0,3,11,0,,,,,,,,,,,,0
0,0,0,0,3,11,0,,,,,,,,,,,,0
0,0,0,0,3,11,1,,,,,,,,,,,,0
0,0,0,0,3,11,0,,,,,,,,,,,,0
0,0,0,0,3,11,0,,,,,,,,,,,,0
0,0,0,0,3,11,1,,,,,,,,,,,,0
0,0,0,0,3,11,0,,,,,,,,,,,,0
0,0,0,0,3,11,0,,,,,,,,,,,,0
1,0,0,0,3,11,0,,,,,,,,,,,,0
0,0,0,0,3,11,0,,,,,,,,,,,,0
1,1,1,0,3,11,1,,,,,,,,,,,,1
0,0,0,0,3,11,0,,,,,,,,,,,,0
0,0,0,0,3,11,0,,,,,,,,,,,,0
0,0,0,0,3,11,0,,,,,,,,,,,,0
0,0,0,0,3,11,0,,,,,,,,,,,,0
0,0,0,0,3,11,0,,,,,,,,,,,,0
0,0,0,0,3,11,0,,,,,,,,,,,,0
0,0,0,0,3,11,0,,,,,,,,,,,,0
0,0,0,0,3,11,0,,,,,,,,,,,,0
0,0,0,0,3,11,0,,,,,,,,,,,,0
0,0,0,0,3,11,0,,,,,,,,,,,,0
0,0,0,0,3,11,0,,,,,,,,,,,,0
0,0,0,0,3,11,0,,,,,,,,,,,,0
0,0,0,0,3,11,0,,,,,,,,,,,,0
0,0,0,0,3,11,0,,,,,,,,,,,,0
0,0,0,0,3,11,0,,,,,,,,,,,,0
0,1,1,0,3,11,1,,,,,,,,,,,,1
0,0,0,0,3,11,0,,,,,,,,,,,,0
0,0,0,0,3,11,0,,,,,,,,,,,,0
0,0,0,0,3,11,0,,,,,,,,,,,,0
0,0,0,0,3,11,0,,,,,,,,,,,,0
0,0,0,0,3,11,0,,,,,,,,,,,,0
0,0,0,0,3,11,0,,,,,,,,,,,,0
0,0,0,0,3,11,0,,,,,,,,,,,,0
0,0,0,0,3,11,0,,,,,,,,,,,,0
0,0,0,0,3,11,0,,,,,,,,,,,,0
0,0,0,0,3,11,0,,,,,,,,,,,,0
1,1,0,0,3,11,1,,,,,,,,,,,,3
0,0,0,0,3,11,0,,,,,,,,,,,,0
0,0,0,0,3,11,0,,,,,,,,,,,,0
0,0,0,0,3,11,0,,,,,,,,,,,,0
0,0,0,1,3,11,1,,,,,,,,,,,,2
1,1,0,0,3,11,1,,,,,,,,,,,,3
0,0,0,0,3,11,0,,,,,,,,,,,,0
0,0,0,0,3,11,0,,,,,,,,,,,,0
0,0,0,0,3,11,0,,,,,,,,,,,,0
0,0,0,0,3,11,1,,,,,,,,,,,,0
0,0,0,0,3,11,0,,,,,,,,,,,,0
0,0,0,0,3,11,0,,,,,,,,,,,,0
0,0,0,0,3,11,0,,,,,,,,,,,,0
0,0,0,0,3,11,0,,,,,,,,,,,,0
0,0,0,0,3,11,0,,,,,,,,,,,,0
0,0,0,0,3,11,0,,,,,,,,,,,,0
0,0,0,0,3,11,0,,,,,,,,,,,,0
0,0,0,0,3,11,0,,,,,,,,,,,,0
0,0,0,0,3,11,0,,,,,,,,,,,,0
0,0,0,0,3,11,1,,,,,,,,,,,,0
0,0,0,0,3,11,0,,,,,,,,,,,,0
0,0,0,0,3,11,0,,,,,,,,,,,,0
0,0,0,0,3,11,0,,,,,,,,,,,,0
0,1,0,0,3,11,0,,,,,,,,,,,,3
0,0,0,0,3,11,0,,,,,,,,,,,,0
0,0,0,0,3,11,0,,,,,,,,,,,,0
0,0,0,0,3,11,0,,,,,,,,,,,,0
0,0,0,0,3,11,0,,,,,,,,,,,,0
0,0,0,0,3,11,1,,,,,,,,,,,,0
0,0,0,0,3,11,0,,,,,,,,,,,,0
0,0,0,0,3,11,0,,,,,,,,,,,,0
0,0,0,0,3,11,0,,,,,,,,,,,,0
0,0,0,0,3,11,0,,,,,,,,,,,,0
0,0,0,0,3,11,0,,,,,,,,,,,,0
0,0,0,0,3,11,0,,,,,,,,,,,,0
0,0,0,0,3,11,0,,,,,,,,,,,,0
1,0,0,0,3,11,0,,,,,,,,,,,,0
0,0,0,0,3,11,0,,,,,,,,,,,,0
0,1,0,0,3,11,0,,,,,,,,,,,,3
0,0,0,0,3,11,0,,,,,,,,,,,,0
0,0,0,0,3,11,0,,,,,,,,,,,,0
0,0,0,0,3,11,1,,,,,,,,,,,,0
0,0,0,0,3,11,0,,,,,,,,,,,,0
0,0,0,0,3,11,0,,,,,,,,,,,,0
0,0,0,0,3,11,0,,,,,,,,,,,,0
0,0,0,0,3,11,0,,,,,,,,,,,,0
0,0,0,0,3,11,0,,,,,,,,,,,,0
0,0,0,0,3,11,1,,,,,,,,,,,,0
0,0,0,0,3,11,1,,,,,,,,,,,,0
0,0,0,0,3,11,0,,,,,,,,,,,,0
0,0,0,0,3,11,0,,,,,,,,,,,,0
0,0,0,0,3,11,0,,,,,,,,,,,,0
0,0,0,0,3,11,1,,,,,,,,,,,,0
0,0,0,0,3,11,0,,,,,,,,,,,,0
0,0,0,0,3,11,0,,,,,,,,,,,,0
0,0,0,0,3,11,0,,,,,,,,,,,,0
0,0,0,0,3,11,0,,,,,,,,,,,,0
0,0,0,0,3,11,0,,,,,,,,,,,,0
1,0,0,0,3,11,1,,,,,,,,,,,,0
0,0,0,0,3,11,0,,,,,,,,,,,,0
1,1,0,0,3,11,1,,,,,,,,,,,,3
0,0,0,0,3,11,0,,,,,,,,,,,,0
0,0,0,0,3,11,0,,,,,,,,,,,,0
0,0,0,0,3,11,0,,,,,,,,,,,,0
0,0,0,0,3,11,0,,,,,,,,,,,,0
0,0,0,0,3,11,0,,,,,,,,,,,,0
0,0,0,0,3,11,0,,,,,,,,,,,,0
0,0,0,0,3,11,0,,,,,,,,,,,,0
0,0,0,0,3,11,0,,,,,,,,,,,,0
0,0,0,0,3,11,0,,,,,,,,,,,,0
0,0,0,0,3,11,0,,,,,,,,,,,,0
0,0,0,0,3,11,0,,,,,,,,,,,,0
0,0,0,0,3,11,0,,,,,,,,,,,,0
0,0,0,0,3,11,0,,,,,,,,,,,,0
0,0,0,0,3,11,0,,,,,,,,,,,,0
0,0,0,0,3,11,0,,,,,,,,,,,,0
0,0,0,0,3,11,0,,,,,,,,,,,,0
0,0,0,0,3,11,0,,,,,,,,,,,,0
0,0,0,0,3,11,0,,,,,,,,,,,,0
0,0,0,0,3,11,0,,,,,,,,,,,,0
0,0,0,0,3,11,0,,,,,,,,,,,,0
0,0,0,0,3,11,0,,,,,,,,,,,,0
0,0,0,0,3,11,0,,,,,,,,,,,,0
0,0,0,0,3,11,0,,,,,,,,,,,,0
0,0,0,0,3,11,0,,,,,,,,,,,,0
0,0,0,0,3,11,0,,,,,,,,,,,,0
0,0,0,0,3,11,0,,,,,,,,,,,,0
0,0,0,0,3,11,0,,,,,,,,,,,,0
0,0,0,0,3,11,0,,,,,,,,,,,,0
0,0,0,0,3,11,0,,,,,,,,,,,,0
0,1,0,0,3,11,1,,,,,,,,,,,,3
0,0,0,0,3,11,0,,,,,,,,,,,,0
0,0,0,0,3,11,1,,,,,,,,,,,,0
0,0,0,0,3,11,0,,,,,,,,,,,,0
0,0,0,0,3,11,0,,,,,,,,,,,,0
0,0,0,0,3,11,0,,,,,,,,,,,,0
0,0,0,0,3,11,0,,,,,,,,,,,,0
0,0,0,0,3,11,0,,,,,,,,,,,,0
0,0,0,0,3,11,0,,,,,,,,,,,,0
0,0,0,0,3,11,0,,,,,,,,,,,,0
0,0,0,0,3,11,1,,,,,,,,,,,,0
0,0,0,0,3,11,0,,,,,,,,,,,,0
1,1,0,0,3,11,0,,,,,,,,,,,,3
0,0,0,0,3,11,0,,,,,,,,,,,,0
0,0,0,0,3,11,1,,,,,,,,,,,,0
0,0,0,0,3,11,0,,,,,,,,,,,,0
0,0,0,0,3,11,0,,,,,,,,,,,,0
0,0,0,0,3,11,0,,,,,,,,,,,,0
0,0,0,0,3,11,1,,,,,,,,,,,,0
0,0,0,0,3,11,0,,,,,,,,,,,,0
0,0,0,0,3,11,0,,,,,,,,,,,,0
0,0,0,0,3,11,1,,,,,,,,,,,,0
0,0,0,0,3,11,0,,,,,,,,,,,,0
0,1,0,0,3,11,0,,,,,,,,,,,,3
0,0,0,0,3,11,0,,,,,,,,,,,,0
0,0,0,0,3,11,0,,,,,,,,,,,,0
0,0,0,0,3,11,0,,,,,,,,,,,,0
1,1,0,0,3,11,1,,,,,,,,,,,,3
0,0,0,0,3,11,0,,,,,,,,,,,,0
1,0,0,0,3,11,0,,,,,,,,,,,,0
0,0,0,0,3,11,0,,,,,,,,,,,,0
0,0,0,0,3,11,0,,,,,,,,,,,,0
0,0,0,0,3,11,0,,,,,,,,,,,,0
0,0,0,0,3,11,1,,,,,,,,,,,,0
0,0,0,0,3,11,0,,,,,,,,,,,,0
0,0,0,0,3,11,0,,,,,,,,,,,,0
0,0,0,0,3,11,0,,,,,,,,,,,,0
0,0,0,0,3,11,0,,,,,,,,,,,,0
0,0,0,0,3,11,0,,,,,,,,,,,,0
0,0,0,0,3,11,0,,,,,,,,,,,,0
1,0,0,0,3,11,1,,,,,,,,,,,,0
0,0,0,0,3,11,0,,,,,,,,,,,,0
0,0,0,0,3,11,0,,,,,,,,,,,,0
0,0,0,0,3,11,0,,,,,,,,,,,,0
0,0,0,0,3,11,0,,,,,,,,,,,,0
0,0,0,0,3,11,0,,,,,,,,,,,,0
0,0,0,0,3,11,0,,,,,,,,,,,,0
0,0,0,0,3,11,0,,,,,,,,,,,,0
0,0,0,0,3,11,1,,,,,,,,,,,,0
0,0,0,0,3,11,0,,,,,,,,,,,,0
0,1,0,0,3,11,0,,,,,,,,,,,,3
0,0,0,0,3,11,0,,,,,,,,,,,,0
0,0,0,0,3,11,0,,,,,,,,,,,,0
1,0,0,0,3,11,0,,,,,,,,,,,,0
0,0,0,0,3,11,0,,,,,,,,,,,,0
0,0,0,0,3,11,0,,,,,,,,,,,,0
0,0,0,0,3,11,0,,,,,,,,,,,,0
0,0,0,0,3,11,0,,,,,,,,,,,,0
1,1,0,0,3,11,0,,,,,,,,,,,,3
1,1,0,0,3,11,1,,,,,,,,,,,,3
0,0,0,0,3,11,0,,,,,,,,,,,,0
0,0,0,0,3,11,0,,,,,,,,,,,,0
0,0,0,0,3,11,0,,,,,,,,,,,,0
0,0,0,0,3,11,0,,,,,,,,,,,,0
0,0,0,0,3,11,0,,,,,,,,,,,,0
0,0,0,0,3,11,0,,,,,,,,,,,,0
0,0,0,0,3,11,0,,,,,,,,,,,,0
0,0,0,0,3,11,0,,,,,,,,,,,,0
0,1,0,0,3,11,0,,,,,,,,,,,,3
1,0,0,0,3,11,0,,,,,,,,,,,,0
0,0,0,0,3,11,0,,,,,,,,,,,,0
0,0,0,0,3,11,0,,,,,,,,,,,,0
0,0,0,0,3,11,0,,,,,,,,,,,,0
0,0,0,0,3,11,1,,,,,,,,,,,,0
0,0,0,0,3,11,0,,,,,,,,,,,,0
0,0,0,0,3,11,0,,,,,,,,,,,,0
0,0,0,0,3,11,0,,,,,,,,,,,,0
1,1,0,0,3,11,1,,,,,,,,,,,,3
0,0,0,0,3,11,0,,,,,,,,,,,,0
0,0,0,0,3,11,0,,,,,,,,,,,,0
0,0,0,0,3,11,1,,,,,,,,,,,,0
0,0,0,0,3,11,0,,,,,,,,,,,,0
0,0,0,0,3,11,0,,,,,,,,,,,,0
0,0,0,0,3,11,0,,,,,,,,,,,,0
0,0,0,0,3,11,0,,,,,,,,,,,,0
0,0,0,0,3,11,0,,,,,,,,,,,,0
0,0,0,0,3,11,0,,,,,,,,,,,,0
0,0,0,0,3,11,1,,,,,,,,,,,,0
0,0,0,0,3,11,0,,,,,,,,,,,,0
0,0,0,0,3,11,0,,,,,,,,,,,,0
0,0,0,0,3,11,0,,,,,,,,,,,,0
0,0,0,0,3,11,0,,,,,,,,,,,,0
0,0,0,0,3,11,0,,,,,,,,,,,,0
0,0,0,0,3,11,0,,,,,,,,,,,,0
0,0,0,0,3,11,0,,,,,,,,,,,,0
0,0,0,0,3,11,0,,,,,,,,,,,,0
0,0,0,0,3,11,1,,,,,,,,,,,,0
0,0,0,0,3,11,0,,,,,,,,,,,,0
0,0,0,0,3,11,0,,,,,,,,,,,,0
0,0,0,0,3,11,0,,,,,,,,,,,,0
0,0,0,0,3,11,0,,,,,,,,,,,,0
0,0,0,0,3,11,0,,,,,,,,,,,,0
0,0,0,0,3,11,0,,,,,,,,,,,,0
0,0,0,0,3,11,0,,,,,,,,,,,,0
0,0,0,0,3,11,0,,,,,,,,,,,,0
0,0,0,0,3,11,0,,,,,,,,,,,,0
0,0,0,0,3,11,0,,,,,,,,,,,,0
0,0,0,0,3,11,0,,,,,,,,,,,,0
0,0,0,0,3,11,0,,,,,,,,,,,,0
0,0,0,0,3,11,0,,,,,,,,,,,,0
0,0,0,0,3,11,0,,,,,,,,,,,,0
0,0,0,0,3,11,1,,,,,,,,,,,,0
0,0,0,0,3,11,0,,,,,,,,,,,,0
0,0,0,0,3,11,0,,,,,,,,,,,,0
0,0,0,0,3,11,0,,,,,,,,,,,,0
1,1,0,0,3,11,1,,,,,,,,,,,,3
0,0,0,0,3,11,0,,,,,,,,,,,,0
0,0,0,0,3,11,0,,,,,,,,,,,,0
0,0,0,0,3,11,0,,,,,,,,,,,,0
0,0,0,0,3,11,0,,,,,,,,,,,,0
0,0,0,0,3,11,0,,,,,,,,,,,,0
0,0,0,0,3,11,0,,,,,,,,,,,,0
0,0,0,0,3,11,0,,,,,,,,,,,,0
0,0,0,0,3,11,0,,,,,,,,,,,,0
0,0,0,0,3,11,0,,,,,,,,,,,,0
0,0,0,0,3,11,0,,,,,,,,,,,,0
0,0,0,0,3,11,0,,,,,,,,,,,,0
0,0,0,0,3,11,0,,,,,,,,,,,,0
0,1,1,0,3,11,1,,,,,,,,,,,,1
0,0,0,0,3,11,0,,,,,,,,,,,,0
0,0,0,0,3,11,0,,,,,,,,,,,,0
0,0,0,0,3,11,0,,,,,,,,,,,,0
0,0,0,0,3,11,0,,,,,,,,,,,,0
0,0,0,0,3,11,0,,,,,,,,,,,,0
0,0,0,0,3,11,0,,,,,,,,,,,,0
0,0,0,0,3,11,1,,,,,,,,,,,,0
0,0,0,0,3,11,0,,,,,,,,,,,,0
0,0,0,0,3,11,0,,,,,,,,,,,,0
0,0,0,0,3,11,0,,,,,,,,,,,,0
0,0,0,0,3,11,0,,,,,,,,,,,,0
0,0,0,0,3,11,0,,,,,,,,,,,,0
0,0,0,0,3,11,0,,,,,,,,,,,,0
0,0,0,0,3,11,0,,,,,,,,,,,,0
0,0,0,0,3,11,0,,,,,,,,,,,,0
1,1,0,0,3,11,1,,,,,,,,,,,,3
0,0,0,0,3,11,0,,,,,,,,,,,,0
0,0,1,0,3,11,1,,,,,,,,,,,,1
0,0,0,0,3,11,0,,,,,,,,,,,,0
1,1,1,0,3,11,1,,,,,,,,,,,,1
0,0,0,0,3,11,0,,,,,,,,,,,,0
1,0,0,0,3,11,0,,,,,,,,,,,,0
0,0,0,0,3,11,0,,,,,,,,,,,,0
0,0,0,0,3,11,0,,,,,,,,,,,,0
0,0,0,0,3,11,0,,,,,,,,,,,,0
0,0,0,0,3,11,0,,,,,,,,,,,,0
0,0,0,0,3,11,0,,,,,,,,,,,,0
0,0,0,0,3,11,0,,,,,,,,,,,,0
0,0,0,0,3,11,0,,,,,,,,,,,,0
0,0,0,0,3,11,0,,,,,,,,,,,,0
0,0,0,0,3,11,0,,,,,,,,,,,,0
0,0,0,0,3,11,0,,,,,,,,,,,,0
0,0,0,0,3,11,0,,,,,,,,,,,,0
0,0,0,0,3,11,0,,,,,,,,,,,,0
0,0,0,0,3,11,0,,,,,,,,,,,,0
0,0,0,0,3,11,0,,,,,,,,,,,,0
0,0,0,0,3,11,0,,,,,,,,,,,,0
0,0,0,0,3,11,0,,,,,,,,,,,,0
0,0,0,0,3,11,0,,,,,,,,,,,,0
0,0,0,0,3,11,0,,,,,,,,,,,,0
1,0,1,0,3,11,1,,,,,,,,,,,,1
0,0,0,0,3,11,0,,,,,,,,,,,,0
0,0,0,0,3,11,0,,,,,,,,,,,,0
0,0,0,0,3,11,0,,,,,,,,,,,,0
0,0,0,0,3,11,0,,,,,,,,,,,,0
0,0,0,0,3,11,0,,,,,,,,,,,,0
0,0,0,0,3,11,0,,,,,,,,,,,,0
0,1,0,0,3,11,0,,,,,,,,,,,,3
0,0,0,0,3,11,0,,,,,,,,,,,,0
0,1,0,0,3,11,1,,,,,,,,,,,,3
0,0,0,0,3,11,0,,,,,,,,,,,,0
0,0,0,0,3,11,0,,,,,,,,,,,,0
0,0,0,0,3,11,0,,,,,,,,,,,,0
0,0,0,0,3,11,0,,,,,,,,,,,,0
1,0,0,0,3,11,0,,,,,,,,,,,,0
0,0,0,0,3,11,0,,,,,,,,,,,,0
0,0,0,0,3,11,0,,,,,,,,,,,,0
0,0,0,0,3,11,0,,,,,,,,,,,,0
0,0,0,0,3,11,0,,,,,,,,,,,,0
0,0,0,0,3,11,0,,,,,,,,,,,,0
0,0,0,0,3,11,0,,,,,,,,,,,,0
0,0,0,0,3,11,0,,,,,,,,,,,,0
0,0,0,0,3,11,0,,,,,,,,,,,,0
0,0,0,0,3,11,0,,,,,,,,,,,,0
0,0,0,0,3,11,0,,,,,,,,,,,,0
0,0,1,0,3,11,0,,,,,,,,,,,,1
0,0,0,0,3,11,0,,,,,,,,,,,,0
0,0,0,0,3,11,0,,,,,,,,,,,,0
0,0,0,0,3,11,0,,,,,,,,,,,,0
0,0,0,0,3,11,0,,,,,,,,,,,,0
1,1,0,0,3,11,0,,,,,,,,,,,,3
0,0,0,0,3,11,0,,,,,,,,,,,,0
0,0,0,0,3,11,0,,,,,,,,,,,,0
0,0,0,0,3,11,0,,,,,,,,,,,,0
0,0,0,0,3,11,0,,,,,,,,,,,,0
0,0,0,0,3,11,1,,,,,,,,,,,,0
0,0,0,0,3,11,0,,,,,,,,,,,,0
0,0,0,0,3,11,0,,,,,,,,,,,,0
0,0,0,0,3,11,0,,,,,,,,,,,,0
0,0,0,0,3,11,1,,,,,,,,,,,,0
0,0,0,0,3,11,0,,,,,,,,,,,,0
0,0,0,0,3,11,0,,,,,,,,,,,,0
0,0,0,0,3,11,0,,,,,,,,,,,,0
0,0,0,0,3,11,0,,,,,,,,,,,,0
0,0,0,0,3,11,0,,,,,,,,,,,,0
0,0,0,0,3,11,0,,,,,,,,,,,,0
0,0,0,0,3,11,0,,,,,,,,,,,,0
0,0,0,0,3,11,0,,,,,,,,,,,,0
0,0,0,0,3,11,0,,,,,,,,,,,,0
0,0,0,0,3,11,1,,,,,,,,,,,,0
0,0,0,0,3,11,0,,,,,,,,,,,,0
0,0,0,0,3,11,1,,,,,,,,,,,,0
0,0,0,0,3,11,0,,,,,,,,,,,,0
0,0,0,0,3,11,0,,,,,,,,,,,,0
0,0,0,0,3,11,0,,,,,,,,,,,,0
0,0,0,0,3,11,0,,,,,,,,,,,,0
0,0,0,0,3,11,0,,,,,,,,,,,,0
0,0,0,0,3,11,0,,,,,,,,,,,,0
0,0,0,0,3,11,0,,,,,,,,,,,,0
0,0,0,0,3,11,0,,,,,,,,,,,,0
0,0,0,0,3,11,0,,,,,,,,,,,,0
0,1,0,0,3,11,1,,,,,,,,,,,,3
0,0,0,0,3,11,0,,,,,,,,,,,,0
0,0,0,0,3,11,0,,,,,,,,,,,,0
0,0,0,0,3,11,0,,,,,,,,,,,,0
0,0,0,0,3,11,0,,,,,,,,,,,,0
0,0,0,0,3,11,0,,,,,,,,,,,,0
0,0,0,0,3,11,1,,,,,,,,,,,,0
0,0,0,0,3,11,1,,,,,,,,,,,,0
1,0,0,0,3,11,1,,,,,,,,,,,,0
0,0,0,0,3,11,0,,,,,,,,,,,,0
0,0,0,0,3,11,0,,,,,,,,,,,,0
1,0,0,0,3,11,1,,,,,,,,,,,,0
0,0,0,0,3,11,0,,,,,,,,,,,,0
0,1,0,0,3,11,0,,,,,,,,,,,,3
0,0,1,0,3,11,0,,,,,,,,,,,,1
0,0,0,0,3,11,0,,,,,,,,,,,,0
0,0,0,0,3,11,1,,,,,,,,,,,,0
0,0,0,0,3,11,0,,,,,,,,,,,,0
0,1,0,0,3,11,0,,,,,,,,,,,,3
0,0,0,0,3,11,0,,,,,,,,,,,,0
0,1,0,0,3,11,0,,,,,,,,,,,,3
0,0,0,0,3,11,0,,,,,,,,,,,,0
0,0,0,0,3,11,0,,,,,,,,,,,,0
0,0,0,0,3,11,0,,,,,,,,,,,,0
0,0,0,0,3,11,0,,,,,,,,,,,,0
0,0,0,0,3,11,0,,,,,,,,,,,,0
0,0,0,0,3,11,0,,,,,,,,,,,,0
0,0,0,0,3,11,0,,,,,,,,,,,,0
0,0,0,0,3,11,0,,,,,,,,,,,,0
0,0,0,0,3,11,0,,,,,,,,,,,,0
0,0,0,0,3,11,0,,,,,,,,,,,,0
0,1,0,0,3,11,0,,,,,,,,,,,,3
0,0,0,0,3,11,0,,,,,,,,,,,,0
0,0,0,0,3,11,0,,,,,,,,,,,,0
0,0,0,0,3,11,0,,,,,,,,,,,,0
0,0,0,0,3,11,0,,,,,,,,,,,,0
1,0,0,0,3,11,1,,,,,,,,,,,,0
1,1,0,0,3,11,1,,,,,,,,,,,,3
0,0,0,0,3,11,0,,,,,,,,,,,,0
1,0,0,0,3,11,0,,,,,,,,,,,,0
0,0,0,0,3,11,0,,,,,,,,,,,,0
0,0,0,0,3,11,0,,,,,,,,,,,,0
0,0,0,0,3,11,0,,,,,,,,,,,,0
0,0,0,0,3,11,0,,,,,,,,,,,,0
0,0,0,0,3,11,0,,,,,,,,,,,,0
0,0,0,0,3,11,0,,,,,,,,,,,,0
0,0,0,0,3,11,1,,,,,,,,,,,,0
0,0,0,0,3,11,0,,,,,,,,,,,,0
0,0,0,0,3,11,0,,,,,,,,,,,,0
0,0,0,0,3,11,0,,,,,,,,,,,,0
0,0,0,0,3,11,1,,,,,,,,,,,,0
0,0,0,0,3,11,0,,,,,,,,,,,,0
0,0,0,0,3,11,0,,,,,,,,,,,,0
0,0,0,0,3,11,0,,,,,,,,,,,,0
0,0,0,0,3,11,0,,,,,,,,,,,,0
0,0,0,0,3,11,0,,,,,,,,,,,,0
0,0,0,0,3,11,1,,,,,,,,,,,,0
0,0,0,0,3,11,0,,,,,,,,,,,,0
0,0,0,0,3,11,0,,,,,,,,,,,,0
0,0,0,0,3,11,0,,,,,,,,,,,,0
1,1,0,0,3,11,1,,,,,,,,,,,,3
0,0,0,0,3,11,0,,,,,,,,,,,,0
0,0,0,0,3,11,1,,,,,,,,,,,,0
0,0,0,0,3,11,0,,,,,,,,,,,,0
0,0,0,0,3,11,0,,,,,,,,,,,,0
0,0,0,0,3,11,0,,,,,,,,,,,,0
0,0,0,1,3,11,0,,,,,,,,,,,,2
0,0,0,0,3,11,0,,,,,,,,,,,,0
0,0,0,0,3,11,0,,,,,,,,,,,,0
0,0,0,0,3,11,0,,,,,,,,,,,,0
1,0,0,0,3,11,0,,,,,,,,,,,,0
0,0,0,0,3,11,0,,,,,,,,,,,,0
0,0,0,0,3,11,0,,,,,,,,,,,,0
0,0,0,0,3,11,0,,,,,,,,,,,,0
0,0,0,0,3,11,0,,,,,,,,,,,,0
0,0,0,0,3,11,0,,,,,,,,,,,,0
0,0,0,0,3,11,0,,,,,,,,,,,,0
0,0,0,0,3,11,0,,,,,,,,,,,,0
1,1,0,0,3,11,1,,,,,,,,,,,,3
0,0,0,0,3,11,0,,,,,,,,,,,,0
0,0,0,0,3,11,0,,,,,,,,,,,,0
1,1,0,0,3,11,1,,,,,,,,,,,,3
0,0,0,0,3,11,0,,,,,,,,,,,,0
0,0,0,0,3,11,0,,,,,,,,,,,,0
1,1,1,0,3,11,1,,,,,,,,,,,,1
0,0,0,0,3,11,0,,,,,,,,,,,,0
0,0,0,0,3,11,0,,,,,,,,,,,,0
0,0,0,0,3,11,0,,,,,,,,,,,,0
0,0,0,0,3,11,0,,,,,,,,,,,,0
0,0,0,0,3,11,0,,,,,,,,,,,,0
0,1,0,0,3,11,0,,,,,,,,,,,,3
0,0,0,0,3,11,0,,,,,,,,,,,,0
0,0,0,0,3,11,0,,,,,,,,,,,,0
0,0,0,0,3,11,0,,,,,,,,,,,,0
1,0,0,0,3,11,1,,,,,,,,,,,,0
1,1,0,0,3,11,1,,,,,,,,,,,,3
0,1,0,0,3,11,1,,,,,,,,,,,,3
0,0,0,0,3,11,0,,,,,,,,,,,,0
0,0,0,0,3,11,0,,,,,,,,,,,,0
0,0,0,0,3,11,1,,,,,,,,,,,,0
0,0,0,0,3,11,0,,,,,,,,,,,,0
1,0,0,0,3,11,0,,,,,,,,,,,,0
0,0,0,0,3,11,0,,,,,,,,,,,,0
0,0,0,0,3,11,0,,,,,,,,,,,,0
1,1,0,0,3,11,0,,,,,,,,,,,,3
0,0,0,0,3,11,0,,,,,,,,,,,,0
0,0,0,0,3,11,0,,,,,,,,,,,,0
0,0,0,0,3,11,0,,,,,,,,,,,,0
0,0,0,0,3,11,0,,,,,,,,,,,,0
0,0,0,0,3,11,0,,,,,,,,,,,,0
1,0,0,0,3,11,0,,,,,,,,,,,,0
0,0,0,0,3,11,0,,,,,,,,,,,,0
0,0,0,0,3,11,0,,,,,,,,,,,,0
0,0,0,0,3,11,0,,,,,,,,,,,,0
0,0,0,0,3,11,0,,,,,,,,,,,,0
0,0,0,0,3,11,0,,,,,,,,,,,,0
0,0,0,0,3,11,1,,,,,,,,,,,,0
0,0,0,0,3,11,0,,,,,,,,,,,,0
0,0,0,0,3,11,0,,,,,,,,,,,,0
0,0,0,0,3,11,0,,,,,,,,,,,,0
0,0,0,0,3,11,1,,,,,,,,,,,,0
0,0,0,0,3,11,0,,,,,,,,,,,,0
0,0,0,0,3,11,0,,,,,,,,,,,,0
0,0,0,0,3,11,0,,,,,,,,,,,,0
1,0,0,0,3,11,1,,,,,,,,,,,,0
0,0,0,0,3,11,1,,,,,,,,,,,,0
0,0,0,0,3,11,0,,,,,,,,,,,,0
0,0,0,0,3,11,0,,,,,,,,,,,,0
1,0,0,0,3,11,0,,,,,,,,,,,,0
0,0,0,0,3,11,0,,,,,,,,,,,,0
0,0,0,0,3,11,0,,,,,,,,,,,,0
0,0,0,0,3,11,0,,,,,,,,,,,,0
0,0,0,0,3,11,1,,,,,,,,,,,,0
0,0,0,0,3,11,0,,,,,,,,,,,,0
0,0,0,0,3,11,0,,,,,,,,,,,,0
0,0,0,1,3,11,0,,,,,,,,,,,,2
0,0,0,0,3,11,0,,,,,,,,,,,,0
0,1,0,0,3,11,0,,,,,,,,,,,,3
0,0,0,0,3,11,1,,,,,,,,,,,,0
0,0,0,0,3,11,0,,,,,,,,,,,,0
0,0,0,0,3,11,0,,,,,,,,,,,,0
0,0,0,0,3,11,0,,,,,,,,,,,,0
0,0,0,0,3,11,1,,,,,,,,,,,,0
0,0,0,0,3,11,0,,,,,,,,,,,,0
1,0,0,0,3,11,0,,,,,,,,,,,,0
0,0,0,0,3,11,0,,,,,,,,,,,,0
0,0,0,0,3,11,0,,,,,,,,,,,,0
0,0,0,0,3,11,1,,,,,,,,,,,,0
0,0,0,0,3,11,0,,,,,,,,,,,,0
0,0,0,0,3,11,0,,,,,,,,,,,,0
0,0,0,0,3,11,0,,,,,,,,,,,,0
0,0,0,0,3,11,0,,,,,,,,,,,,0
0,0,0,0,3,11,0,,,,,,,,,,,,0
0,0,0,0,3,11,0,,,,,,,,,,,,0
0,0,0,0,3,11,0,,,,,,,,,,,,0
0,0,0,0,3,11,0,,,,,,,,,,,,0
0,0,0,0,3,11,1,,,,,,,,,,,,0
0,0,0,0,3,11,0,,,,,,,,,,,,0
0,0,0,0,3,11,0,,,,,,,,,,,,0
0,0,0,0,3,11,0,,,,,,,,,,,,0
0,1,0,0,3,11,1,,,,,,,,,,,,3
0,0,0,0,3,11,0,,,,,,,,,,,,0
0,0,0,0,3,11,0,,,,,,,,,,,,0
0,0,0,1,3,11,0,,,,,,,,,,,,2
0,0,0,0,3,11,0,,,,,,,,,,,,0
0,0,0,0,3,11,0,,,,,,,,,,,,0
0,0,0,0,3,11,0,,,,,,,,,,,,0
0,0,0,0,3,11,0,,,,,,,,,,,,0
0,0,0,0,3,11,0,,,,,,,,,,,,0
0,1,0,0,3,11,0,,,,,,,,,,,,3
1,0,0,0,3,11,0,,,,,,,,,,,,0
0,0,0,0,3,11,0,,,,,,,,,,,,0
0,0,0,0,3,11,0,,,,,,,,,,,,0
0,0,0,0,3,11,0,,,,,,,,,,,,0
0,0,0,0,3,11,0,,,,,,,,,,,,0
0,0,0,0,3,11,1,,,,,,,,,,,,0
0,0,0,0,3,11,1,,,,,,,,,,,,0
0,0,0,0,3,11,0,,,,,,,,,,,,0
0,1,0,0,3,11,1,,,,,,,,,,,,3
0,0,0,0,3,11,0,,,,,,,,,,,,0
0,0,0,0,3,11,0,,,,,,,,,,,,0
1,1,1,0,3,11,1,,,,,,,,,,,,1
0,0,0,0,3,11,0,,,,,,,,,,,,0
0,0,0,0,3,11,1,,,,,,,,,,,,0
1,0,0,0,3,11,0,,,,,,,,,,,,0
0,0,0,0,3,11,0,,,,,,,,,,,,0
0,0,0,0,3,11,0,,,,,,,,,,,,0
0,0,0,0,3,11,0,,,,,,,,,,,,0
0,0,0,0,3,11,0,,,,,,,,,,,,0
0,0,0,0,3,11,0,,,,,,,,,,,,0
0,0,0,0,3,11,0,,,,,,,,,,,,0
0,0,0,0,3,11,0,,,,,,,,,,,,0
0,0,0,0,3,11,0,,,,,,,,,,,,0
0,0,0,0,3,11,0,,,,,,,,,,,,0
1,1,0,0,3,11,1,,,,,,,,,,,,3
0,0,0,0,3,11,0,,,,,,,,,,,,0
0,0,0,0,3,11,0,,,,,,,,,,,,0
0,0,0,0,3,11,0,,,,,,,,,,,,0
0,0,0,0,3,11,0,,,,,,,,,,,,0
0,1,0,0,3,11,0,,,,,,,,,,,,3
0,0,0,0,3,11,0,,,,,,,,,,,,0
0,0,0,0,3,11,0,,,,,,,,,,,,0
0,0,0,0,3,11,0,,,,,,,,,,,,0
0,0,0,0,3,11,0,,,,,,,,,,,,0
0,0,0,0,3,11,0,,,,,,,,,,,,0
0,1,0,0,3,11,1,,,,,,,,,,,,3
0,0,0,0,3,11,0,,,,,,,,,,,,0
0,0,0,0,3,11,0,,,,,,,,,,,,0
0,0,0,0,3,11,0,,,,,,,,,,,,0
1,0,0,0,3,11,0,,,,,,,,,,,,0
0,0,0,0,3,11,1,,,,,,,,,,,,0
0,0,0,0,3,11,1,,,,,,,,,,,,0
0,0,0,0,3,11,0,,,,,,,,,,,,0
0,0,0,0,3,11,0,,,,,,,,,,,,0
0,0,0,0,3,11,0,,,,,,,,,,,,0
0,0,0,0,3,11,0,,,,,,,,,,,,0
0,0,0,0,3,11,0,,,,,,,,,,,,0
0,0,0,0,3,11,0,,,,,,,,,,,,0
0,0,0,0,3,11,0,,,,,,,,,,,,0
0,0,0,0,3,11,1,,,,,,,,,,,,0
0,0,0,0,3,11,0,,,,,,,,,,,,0
0,0,0,0,3,11,0,,,,,,,,,,,,0
0,0,0,0,3,11,0,,,,,,,,,,,,0
0,0,0,0,3,11,1,,,,,,,,,,,,0
0,0,0,0,3,11,0,,,,,,,,,,,,0
0,0,0,0,3,11,0,,,,,,,,,,,,0
0,0,0,0,3,11,0,,,,,,,,,,,,0
0,1,0,0,3,11,0,,,,,,,,,,,,3
1,1,0,0,3,11,1,,,,,,,,,,,,3
0,0,0,0,3,11,0,,,,,,,,,,,,0
0,0,0,0,3,11,0,,,,,,,,,,,,0
0,0,0,0,3,11,1,,,,,,,,,,,,0
0,0,0,0,3,11,0,,,,,,,,,,,,0
0,0,0,0,3,11,0,,,,,,,,,,,,0
0,0,0,0,3,11,0,,,,,,,,,,,,0
0,0,0,0,3,11,0,,,,,,,,,,,,0
0,0,0,0,3,11,0,,,,,,,,,,,,0
0,0,0,0,3,11,0,,,,,,,,,,,,0
0,0,0,0,3,11,0,,,,,,,,,,,,0
0,0,0,0,3,11,0,,,,,,,,,,,,0
0,0,0,0,3,11,1,,,,,,,,,,,,0
0,0,0,0,3,11,0,,,,,,,,,,,,0
0,0,0,0,3,11,0,,,,,,,,,,,,0
0,0,0,0,3,11,1,,,,,,,,,,,,0
0,0,0,0,3,11,0,,,,,,,,,,,,0
0,0,0,0,3,11,0,,,,,,,,,,,,0
0,0,0,0,3,11,0,,,,,,,,,,,,0
1,0,0,0,3,11,1,,,,,,,,,,,,0
0,0,0,0,3,11,0,,,,,,,,,,,,0
0,0,0,0,3,11,0,,,,,,,,,,,,0
0,0,0,0,3,11,1,,,,,,,,,,,,0
0,0,0,0,3,11,0,,,,,,,,,,,,0
0,0,0,0,3,11,0,,,,,,,,,,,,0
0,0,0,0,3,11,0,,,,,,,,,,,,0
0,0,0,0,3,11,0,,,,,,,,,,,,0
0,0,0,0,3,11,0,,,,,,,,,,,,0
0,0,0,0,3,11,0,,,,,,,,,,,,0
0,0,0,0,3,11,0,,,,,,,,,,,,0
0,0,0,0,3,11,0,,,,,,,,,,,,0
0,0,0,0,3,11,0,,,,,,,,,,,,0
0,0,0,0,3,11,0,,,,,,,,,,,,0
0,0,0,0,3,11,0,,,,,,,,,,,,0
0,0,0,0,3,11,0,,,,,,,,,,,,0
0,0,0,0,3,11,0,,,,,,,,,,,,0
0,0,0,0,3,11,0,,,,,,,,,,,,0
0,0,0,0,3,11,0,,,,,,,,,,,,0
0,0,0,0,3,11,0,,,,,,,,,,,,0
0,0,0,0,3,11,0,,,,,,,,,,,,0
0,0,0,0,3,11,0,,,,,,,,,,,,0
0,0,0,0,3,11,0,,,,,,,,,,,,0
0,0,0,0,3,11,0,,,,,,,,,,,,0
0,0,0,0,3,11,0,,,,,,,,,,,,0
0,0,0,0,3,11,0,,,,,,,,,,,,0
1,0,0,0,3,11,0,,,,,,,,,,,,0
0,0,0,1,3,11,0,,,,,,,,,,,,2
0,0,0,0,3,11,0,,,,,,,,,,,,0
0,0,0,0,3,11,1,,,,,,,,,,,,0
0,0,0,0,3,11,0,,,,,,,,,,,,0
0,0,0,0,3,11,0,,,,,,,,,,,,0
0,0,0,0,3,11,0,,,,,,,,,,,,0
0,0,0,0,3,11,0,,,,,,,,,,,,0
0,1,0,0,3,11,0,,,,,,,,,,,,3
0,0,0,0,3,11,0,,,,,,,,,,,,0
0,0,0,0,3,11,0,,,,,,,,,,,,0
0,0,0,0,3,11,1,,,,,,,,,,,,0
1,0,0,0,3,11,1,,,,,,,,,,,,0
0,0,0,0,3,11,0,,,,,,,,,,,,0
0,0,0,0,3,11,0,,,,,,,,,,,,0
0,0,0,0,3,11,0,,,,,,,,,,,,0
0,0,0,0,3,11,0,,,,,,,,,,,,0
0,0,0,0,3,11,0,,,,,,,,,,,,0
0,0,0,0,3,11,0,,,,,,,,,,,,0
0,0,0,0,3,11,0,,,,,,,,,,,,0
0,0,0,0,3,11,0,,,,,,,,,,,,0
0,0,0,0,3,11,0,,,,,,,,,,,,0
0,0,0,1,3,11,0,,,,,,,,,,,,2
0,0,0,0,3,11,0,,,,,,,,,,,,0
0,0,0,0,3,11,1,,,,,,,,,,,,0
0,0,0,0,3,11,0,,,,,,,,,,,,0
0,0,0,0,3,11,0,,,,,,,,,,,,0
1,0,0,0,3,11,0,,,,,,,,,,,,0
0,0,0,0,3,11,0,,,,,,,,,,,,0
0,0,0,0,3,11,0,,,,,,,,,,,,0
0,0,0,0,3,11,0,,,,,,,,,,,,0
0,0,0,0,3,11,0,,,,,,,,,,,,0
0,0,0,1,3,11,0,,,,,,,,,,,,2
0,0,0,0,3,11,0,,,,,,,,,,,,0
1,0,0,0,3,11,0,,,,,,,,,,,,0
0,0,0,0,3,11,0,,,,,,,,,,,,0
0,0,0,0,3,11,1,,,,,,,,,,,,0
0,0,0,0,3,11,0,,,,,,,,,,,,0
0,0,0,0,3,11,0,,,,,,,,,,,,0
0,0,0,0,3,11,0,,,,,,,,,,,,0
0,0,0,0,3,11,0,,,,,,,,,,,,0
0,0,0,0,3,11,0,,,,,,,,,,,,0
0,0,0,0,3,11,0,,,,,,,,,,,,0
0,1,0,0,3,11,0,,,,,,,,,,,,3
0,0,0,0,3,11,0,,,,,,,,,,,,0
0,0,0,0,3,11,0,,,,,,,,,,,,0
0,0,0,0,3,11,0,,,,,,,,,,,,0
0,0,0,0,3,11,0,,,,,,,,,,,,0
0,0,0,0,3,11,1,,,,,,,,,,,,0
0,0,0,0,3,11,0,,,,,,,,,,,,0
0,0,0,0,3,11,0,,,,,,,,,,,,0
0,0,0,0,3,11,0,,,,,,,,,,,,0
0,0,0,0,3,11,0,,,,,,,,,,,,0
0,0,0,0,3,11,0,,,,,,,,,,,,0
0,0,0,0,3,11,0,,,,,,,,,,,,0
0,0,0,0,3,11,0,,,,,,,,,,,,0
0,0,0,0,3,11,0,,,,,,,,,,,,0
0,0,0,0,3,11,0,,,,,,,,,,,,0
1,0,1,0,3,11,0,,,,,,,,,,,,1
0,0,0,0,3,11,0,,,,,,,,,,,,0
0,0,0,0,3,11,0,,,,,,,,,,,,0
0,0,0,0,3,11,0,,,,,,,,,,,,0
0,0,0,0,3,11,0,,,,,,,,,,,,0
0,0,0,0,3,11,0,,,,,,,,,,,,0
0,0,0,0,3,11,0,,,,,,,,,,,,0
0,0,0,0,3,11,0,,,,,,,,,,,,0
0,0,0,0,3,11,0,,,,,,,,,,,,0
0,0,0,0,3,11,0,,,,,,,,,,,,0
0,0,0,0,3,11,0,,,,,,,,,,,,0
0,0,0,0,3,11,0,,,,,,,,,,,,0
0,0,0,0,3,11,0,,,,,,,,,,,,0
1,1,0,0,3,11,1,,,,,,,,,,,,3
0,0,0,0,3,11,0,,,,,,,,,,,,0
0,0,0,0,3,11,1,,,,,,,,,,,,0
0,0,0,0,3,11,0,,,,,,,,,,,,0
0,0,0,0,3,11,0,,,,,,,,,,,,0
0,0,0,0,3,11,1,,,,,,,,,,,,0
0,0,0,0,3,11,1,,,,,,,,,,,,0
0,0,0,0,3,11,0,,,,,,,,,,,,0
0,0,0,0,3,11,0,,,,,,,,,,,,0
1,1,0,0,3,11,0,,,,,,,,,,,,3
0,0,0,0,3,11,0,,,,,,,,,,,,0
1,0,0,0,3,11,1,,,,,,,,,,,,0
0,1,0,0,3,11,0,,,,,,,,,,,,3
0,0,0,0,3,11,0,,,,,,,,,,,,0
0,0,0,0,3,11,1,,,,,,,,,,,,0
1,1,0,0,3,11,1,,,,,,,,,,,,3
0,0,0,0,3,11,1,,,,,,,,,,,,0
0,0,0,0,3,11,0,,,,,,,,,,,,0
0,0,0,0,3,11,0,,,,,,,,,,,,0
0,0,0,0,3,11,0,,,,,,,,,,,,0
0,0,0,0,3,11,0,,,,,,,,,,,,0
0,0,0,0,3,11,0,,,,,,,,,,,,0
0,0,0,0,3,11,1,,,,,,,,,,,,0
0,0,0,0,3,11,0,,,,,,,,,,,,0
0,0,0,0,3,11,0,,,,,,,,,,,,0
0,0,0,0,3,11,0,,,,,,,,,,,,0
0,0,0,0,3,11,0,,,,,,,,,,,,0
0,0,0,1,3,11,0,,,,,,,,,,,,2
0,1,0,0,3,11,0,,,,,,,,,,,,3
0,0,0,0,3,11,0,,,,,,,,,,,,0
1,0,0,0,3,11,1,,,,,,,,,,,,0
0,0,1,0,3,11,1,,,,,,,,,,,,1
0,0,0,0,3,11,0,,,,,,,,,,,,0
0,0,0,0,3,11,0,,,,,,,,,,,,0
0,0,0,0,3,11,0,,,,,,,,,,,,0
0,0,0,0,3,11,0,,,,,,,,,,,,0
0,0,0,0,3,11,1,,,,,,,,,,,,0
0,0,0,0,3,11,0,,,,,,,,,,,,0
1,1,0,0,3,11,1,,,,,,,,,,,,3
0,0,0,0,3,11,0,,,,,,,,,,,,0
0,0,0,0,3,11,0,,,,,,,,,,,,0
0,0,0,0,3,11,0,,,,,,,,,,,,0
0,0,0,0,3,11,0,,,,,,,,,,,,0
0,0,0,0,3,11,0,,,,,,,,,,,,0
0,0,0,0,3,11,0,,,,,,,,,,,,0
0,0,0,0,3,11,0,,,,,,,,,,,,0
0,0,0,0,3,11,0,,,,,,,,,,,,0
0,0,0,0,3,11,0,,,,,,,,,,,,0
1,0,0,0,3,11,1,,,,,,,,,,,,0
0,0,0,0,3,11,0,,,,,,,,,,,,0
0,0,0,0,3,11,0,,,,,,,,,,,,0
1,1,0,0,3,11,1,,,,,,,,,,,,3
0,0,0,0,3,11,0,,,,,,,,,,,,0
0,0,0,0,3,11,0,,,,,,,,,,,,0
0,0,0,0,3,11,0,,,,,,,,,,,,0
0,0,0,0,3,11,0,,,,,,,,,,,,0
0,0,0,0,3,11,0,,,,,,,,,,,,0
1,0,0,0,3,11,0,,,,,,,,,,,,0
1,1,1,0,3,11,1,,,,,,,,,,,,1
0,0,0,0,3,11,0,,,,,,,,,,,,0
0,0,0,0,3,11,0,,,,,,,,,,,,0
0,0,0,0,3,11,0,,,,,,,,,,,,0
0,0,0,0,3,11,0,,,,,,,,,,,,0
0,0,0,0,3,11,0,,,,,,,,,,,,0
0,0,0,0,3,11,0,,,,,,,,,,,,0
0,0,0,0,3,11,0,,,,,,,,,,,,0
0,0,0,0,3,11,0,,,,,,,,,,,,0
0,0,0,0,3,11,0,,,,,,,,,,,,0
0,0,0,0,3,11,0,,,,,,,,,,,,0
0,0,0,0,3,11,0,,,,,,,,,,,,0
0,0,0,0,3,11,0,,,,,,,,,,,,0
0,0,0,0,3,11,0,,,,,,,,,,,,0
1,0,0,0,3,11,0,,,,,,,,,,,,0
0,0,0,1,3,11,1,,,,,,,,,,,,2
0,0,0,0,3,11,0,,,,,,,,,,,,0
0,0,0,0,3,11,0,,,,,,,,,,,,0
0,0,0,0,3,11,0,,,,,,,,,,,,0
0,0,0,0,3,11,0,,,,,,,,,,,,0
0,0,0,0,3,11,0,,,,,,,,,,,,0
0,0,0,0,3,11,1,,,,,,,,,,,,0
0,0,0,0,3,11,0,,,,,,,,,,,,0
0,0,0,0,3,11,1,,,,,,,,,,,,0
0,1,0,0,3,11,0,,,,,,,,,,,,3
0,0,0,0,3,11,0,,,,,,,,,,,,0
1,1,0,0,3,11,1,,,,,,,,,,,,3
0,0,0,0,3,11,0,,,,,,,,,,,,0
0,0,0,0,3,11,0,,,,,,,,,,,,0
0,0,0,0,3,11,0,,,,,,,,,,,,0
0,0,0,0,3,11,0,,,,,,,,,,,,0
0,0,0,0,3,11,1,,,,,,,,,,,,0
0,0,0,0,3,11,0,,,,,,,,,,,,0
0,0,0,0,3,11,0,,,,,,,,,,,,0
0,0,0,0,3,11,1,,,,,,,,,,,,0
0,0,0,0,3,11,0,,,,,,,,,,,,0
0,0,0,0,3,11,0,,,,,,,,,,,,0
0,0,0,0,3,11,0,,,,,,,,,,,,0
0,0,0,0,3,11,0,,,,,,,,,,,,0
0,0,0,0,3,11,0,,,,,,,,,,,,0
0,0,0,0,3,11,0,,,,,,,,,,,,0
0,0,0,0,3,11,1,,,,,,,,,,,,0
0,0,0,0,3,11,0,,,,,,,,,,,,0
0,0,0,0,3,11,1,,,,,,,,,,,,0
0,0,0,0,3,11,0,,,,,,,,,,,,0
0,0,0,0,3,11,0,,,,,,,,,,,,0
1,0,0,0,3,11,1,,,,,,,,,,,,0
0,0,0,0,3,11,0,,,,,,,,,,,,0
0,0,0,0,3,11,0,,,,,,,,,,,,0
0,0,0,0,3,11,0,,,,,,,,,,,,0
0,0,0,0,3,11,0,,,,,,,,,,,,0
0,0,0,0,3,11,0,,,,,,,,,,,,0
0,0,0,0,3,11,0,,,,,,,,,,,,0
0,0,0,0,3,11,0,,,,,,,,,,,,0
0,0,0,0,3,11,0,,,,,,,,,,,,0
0,0,0,0,3,11,0,,,,,,,,,,,,0
0,0,0,0,3,11,0,,,,,,,,,,,,0
0,0,0,0,3,11,1,,,,,,,,,,,,0
0,0,0,0,3,11,0,,,,,,,,,,,,0
0,0,0,0,3,11,0,,,,,,,,,,,,0
0,0,0,0,3,11,0,,,,,,,,,,,,0
0,0,0,0,3,11,0,,,,,,,,,,,,0
0,0,0,0,3,11,0,,,,,,,,,,,,0
0,0,0,0,3,11,0,,,,,,,,,,,,0
0,0,0,0,3,11,0,,,,,,,,,,,,0
0,0,0,0,3,11,0,,,,,,,,,,,,0
0,0,0,0,3,11,0,,,,,,,,,,,,0
0,0,0,0,3,11,0,,,,,,,,,,,,0
0,0,0,0,3,11,0,,,,,,,,,,,,0
0,0,0,0,3,11,1,,,,,,,,,,,,0
0,0,0,0,3,11,0,,,,,,,,,,,,0
0,0,0,0,3,11,0,,,,,,,,,,,,0
0,0,0,0,3,11,0,,,,,,,,,,,,0
0,0,0,0,3,11,0,,,,,,,,,,,,0
0,0,0,0,3,11,0,,,,,,,,,,,,0
0,0,0,0,3,11,0,,,,,,,,,,,,0
0,0,0,0,3,11,0,,,,,,,,,,,,0
1,0,0,0,3,11,0,,,,,,,,,,,,0
0,0,0,0,3,11,0,,,,,,,,,,,,0
0,0,0,0,3,11,0,,,,,,,,,,,,0
0,0,0,0,3,11,0,,,,,,,,,,,,0
0,0,0,0,3,11,0,,,,,,,,,,,,0
0,0,0,0,3,11,0,,,,,,,,,,,,0
0,0,0,0,3,11,0,,,,,,,,,,,,0
0,0,0,0,3,11,0,,,,,,,,,,,,0
0,0,0,0,3,11,0,,,,,,,,,,,,0
0,0,0,0,3,11,0,,,,,,,,,,,,0
0,0,0,0,3,11,0,,,,,,,,,,,,0
0,0,0,0,3,11,0,,,,,,,,,,,,0
0,0,0,0,3,11,0,,,,,,,,,,,,0
0,0,0,0,3,11,0,,,,,,,,,,,,0
0,0,0,0,3,11,0,,,,,,,,,,,,0
0,0,0,0,3,11,0,,,,,,,,,,,,0
0,0,0,0,3,11,0,,,,,,,,,,,,0
0,0,0,0,3,11,0,,,,,,,,,,,,0
0,0,0,0,3,11,1,,,,,,,,,,,,0
0,0,0,0,3,11,0,,,,,,,,,,,,0
0,0,0,0,3,11,0,,,,,,,,,,,,0
0,0,0,0,3,11,0,,,,,,,,,,,,0
0,0,0,0,3,11,0,,,,,,,,,,,,0
0,0,0,0,3,11,0,,,,,,,,,,,,0
0,0,0,0,3,11,1,,,,,,,,,,,,0
0,0,0,0,3,11,0,,,,,,,,,,,,0
1,1,0,0,3,11,1,,,,,,,,,,,,3
0,0,0,0,3,11,0,,,,,,,,,,,,0
0,1,0,0,3,11,1,,,,,,,,,,,,3
0,0,0,0,3,11,0,,,,,,,,,,,,0
0,0,0,0,3,11,0,,,,,,,,,,,,0
0,0,0,0,3,11,0,,,,,,,,,,,,0
0,0,0,0,3,11,0,,,,,,,,,,,,0
0,0,0,0,3,11,0,,,,,,,,,,,,0
0,0,0,0,3,11,0,,,,,,,,,,,,0
0,0,0,0,3,11,0,,,,,,,,,,,,0
0,0,0,0,3,11,0,,,,,,,,,,,,0
0,0,0,0,3,11,0,,,,,,,,,,,,0
0,0,0,0,3,11,0,,,,,,,,,,,,0
0,0,0,0,3,11,0,,,,,,,,,,,,0
0,0,0,0,3,11,0,,,,,,,,,,,,0
0,0,0,0,3,11,0,,,,,,,,,,,,0
0,0,0,0,3,11,0,,,,,,,,,,,,0
0,0,0,0,3,11,0,,,,,,,,,,,,0
0,0,0,0,3,11,0,,,,,,,,,,,,0
0,0,0,0,3,11,0,,,,,,,,,,,,0
0,0,0,0,3,11,0,,,,,,,,,,,,0
1,1,0,0,3,11,0,,,,,,,,,,,,3
0,0,0,0,3,11,0,,,,,,,,,,,,0
0,0,0,0,3,11,0,,,,,,,,,,,,0
0,0,0,0,3,11,0,,,,,,,,,,,,0
0,0,0,0,3,11,0,,,,,,,,,,,,0
0,0,0,0,3,11,0,,,,,,,,,,,,0
0,0,0,0,3,11,0,,,,,,,,,,,,0
0,0,0,0,3,11,0,,,,,,,,,,,,0
0,0,0,0,3,11,0,,,,,,,,,,,,0
0,0,0,0,3,11,0,,,,,,,,,,,,0
0,0,0,0,3,11,1,,,,,,,,,,,,0
0,1,0,0,3,11,1,,,,,,,,,,,,3
0,1,0,0,3,11,0,,,,,,,,,,,,3
0,0,0,0,3,11,0,,,,,,,,,,,,0
0,0,0,0,3,11,0,,,,,,,,,,,,0
0,0,0,0,3,11,0,,,,,,,,,,,,0
0,0,0,0,3,11,0,,,,,,,,,,,,0
0,0,0,0,3,11,0,,,,,,,,,,,,0
0,0,0,0,3,11,0,,,,,,,,,,,,0
0,0,0,0,3,11,0,,,,,,,,,,,,0
0,0,0,0,3,11,1,,,,,,,,,,,,0
0,0,0,0,3,11,0,,,,,,,,,,,,0
0,0,0,0,3,11,0,,,,,,,,,,,,0
0,0,0,0,3,11,0,,,,,,,,,,,,0
0,0,0,0,3,11,1,,,,,,,,,,,,0
0,0,0,0,3,11,0,,,,,,,,,,,,0
1,1,0,0,3,11,1,,,,,,,,,,,,3
0,0,0,0,3,11,1,,,,,,,,,,,,0
0,0,0,0,3,11,0,,,,,,,,,,,,0
0,0,0,1,3,11,0,,,,,,,,,,,,2
0,0,1,0,3,11,0,,,,,,,,,,,,1
0,0,0,0,3,11,0,,,,,,,,,,,,0
0,0,0,0,3,11,0,,,,,,,,,,,,0
0,0,0,0,3,11,0,,,,,,,,,,,,0
0,0,0,0,3,11,0,,,,,,,,,,,,0
1,0,0,0,3,11,0,,,,,,,,,,,,0
0,0,0,0,3,11,0,,,,,,,,,,,,0
0,0,0,0,3,11,0,,,,,,,,,,,,0
0,0,0,0,3,11,0,,,,,,,,,,,,0
0,0,0,0,3,11,0,,,,,,,,,,,,0
0,0,0,0,3,11,0,,,,,,,,,,,,0
1,0,0,0,3,11,1,,,,,,,,,,,,0
0,0,0,0,3,11,0,,,,,,,,,,,,0
0,0,0,0,3,11,0,,,,,,,,,,,,0
0,0,0,0,3,11,0,,,,,,,,,,,,0
0,0,0,0,3,11,0,,,,,,,,,,,,0
0,0,0,0,3,11,0,,,,,,,,,,,,0
0,0,0,0,3,11,0,,,,,,,,,,,,0
0,0,0,0,3,11,0,,,,,,,,,,,,0
0,0,0,0,3,11,0,,,,,,,,,,,,0
0,0,0,0,3,11,0,,,,,,,,,,,,0
0,0,0,0,3,11,0,,,,,,,,,,,,0
0,0,0,0,3,11,0,,,,,,,,,,,,0
0,0,0,0,3,11,0,,,,,,,,,,,,0
0,0,0,0,3,11,0,,,,,,,,,,,,0
0,1,0,0,3,11,0,,,,,,,,,,,,3
1,0,0,0,3,11,0,,,,,,,,,,,,0
0,0,0,0,3,11,0,,,,,,,,,,,,0
0,0,0,0,3,11,1,,,,,,,,,,,,0
0,0,0,0,3,11,0,,,,,,,,,,,,0
1,1,0,0,3,11,1,,,,,,,,,,,,3
0,0,0,0,3,11,0,,,,,,,,,,,,0
0,0,0,0,3,11,0,,,,,,,,,,,,0
0,0,0,0,3,11,0,,,,,,,,,,,,0
0,0,0,0,3,11,0,,,,,,,,,,,,0
0,0,0,0,3,11,1,,,,,,,,,,,,0
0,0,0,0,3,11,0,,,,,,,,,,,,0
0,0,0,0,3,11,0,,,,,,,,,,,,0
0,0,0,0,3,11,0,,,,,,,,,,,,0
0,0,0,0,3,11,0,,,,,,,,,,,,0
0,0,0,0,3,11,1,,,,,,,,,,,,0
0,0,0,0,3,11,0,,,,,,,,,,,,0
0,0,0,0,3,11,1,,,,,,,,,,,,0
1,0,0,0,3,11,0,,,,,,,,,,,,0
0,0,0,0,3,11,0,,,,,,,,,,,,0
0,0,0,0,3,11,0,,,,,,,,,,,,0
0,0,0,0,3,11,0,,,,,,,,,,,,0
0,0,0,0,3,11,0,,,,,,,,,,,,0
0,0,0,0,3,11,0,,,,,,,,,,,,0
0,0,0,0,3,11,0,,,,,,,,,,,,0
0,0,0,0,3,11,0,,,,,,,,,,,,0
0,0,0,0,3,11,0,,,,,,,,,,,,0
0,0,0,0,3,11,1,,,,,,,,,,,,0
0,0,0,0,3,11,0,,,,,,,,,,,,0
0,0,0,0,3,11,0,,,,,,,,,,,,0
0,0,0,0,3,11,0,,,,,,,,,,,,0
0,0,0,0,3,11,0,,,,,,,,,,,,0
0,0,0,0,3,11,1,,,,,,,,,,,,0
0,0,0,0,3,11,1,,,,,,,,,,,,0
0,0,0,0,3,11,0,,,,,,,,,,,,0
0,0,0,0,3,11,0,,,,,,,,,,,,0
0,0,0,0,3,11,0,,,,,,,,,,,,0
0,0,0,0,3,11,0,,,,,,,,,,,,0
0,0,0,0,3,11,0,,,,,,,,,,,,0
0,0,0,0,3,11,0,,,,,,,,,,,,0
0,0,0,0,3,11,0,,,,,,,,,,,,0
1,1,0,0,3,11,1,,,,,,,,,,,,3
0,0,0,0,3,11,0,,,,,,,,,,,,0
0,0,0,0,3,11,0,,,,,,,,,,,,0
0,0,0,0,3,11,0,,,,,,,,,,,,0
0,0,0,0,3,11,0,,,,,,,,,,,,0
0,0,0,0,3,11,1,,,,,,,,,,,,0
0,0,0,0,3,11,0,,,,,,,,,,,,0
0,0,0,0,3,11,0,,,,,,,,,,,,0
0,0,0,0,3,11,0,,,,,,,,,,,,0
0,0,0,0,3,11,1,,,,,,,,,,,,0
0,0,0,0,3,11,0,,,,,,,,,,,,0
0,0,0,0,3,11,0,,,,,,,,,,,,0
0,0,0,0,3,11,0,,,,,,,,,,,,0
0,0,0,0,3,11,0,,,,,,,,,,,,0
0,0,0,0,3,11,0,,,,,,,,,,,,0
0,0,0,0,3,11,0,,,,,,,,,,,,0
0,0,0,0,3,11,0,,,,,,,,,,,,0
0,0,0,0,3,11,0,,,,,,,,,,,,0
0,0,0,0,3,11,0,,,,,,,,,,,,0
0,0,0,0,3,11,1,,,,,,,,,,,,0
0,0,0,0,3,11,0,,,,,,,,,,,,0
0,0,0,0,3,11,0,,,,,,,,,,,,0
0,0,0,0,3,11,0,,,,,,,,,,,,0
0,0,0,0,3,11,0,,,,,,,,,,,,0
0,0,0,0,3,11,0,,,,,,,,,,,,0
0,1,0,0,3,11,0,,,,,,,,,,,,3
0,0,0,0,3,11,0,,,,,,,,,,,,0
0,0,0,0,3,11,0,,,,,,,,,,,,0
0,0,0,0,3,11,1,,,,,,,,,,,,0
0,0,0,0,3,11,0,,,,,,,,,,,,0
0,0,0,0,3,11,0,,,,,,,,,,,,0
0,0,0,0,3,11,0,,,,,,,,,,,,0
0,0,0,0,3,11,0,,,,,,,,,,,,0
0,0,0,0,3,11,0,,,,,,,,,,,,0
0,0,0,0,3,11,0,,,,,,,,,,,,0
0,0,0,0,3,11,0,,,,,,,,,,,,0
0,0,0,0,3,11,0,,,,,,,,,,,,0
0,0,0,0,3,11,0,,,,,,,,,,,,0
0,0,0,0,3,11,0,,,,,,,,,,,,0
0,0,0,0,3,11,0,,,,,,,,,,,,0
0,0,0,0,3,11,1,,,,,,,,,,,,0
0,0,0,0,3,11,0,,,,,,,,,,,,0
1,1,0,0,3,11,1,,,,,,,,,,,,3
0,0,0,1,3,11,0,,,,,,,,,,,,2
1,0,0,0,3,11,1,,,,,,,,,,,,0
0,0,0,0,3,11,0,,,,,,,,,,,,0
0,0,0,0,3,11,1,,,,,,,,,,,,0
0,0,0,0,3,11,0,,,,,,,,,,,,0
0,0,0,0,3,11,1,,,,,,,,,,,,0
1,0,0,0,3,11,0,,,,,,,,,,,,0
0,0,0,0,3,11,0,,,,,,,,,,,,0
0,0,0,0,3,11,0,,,,,,,,,,,,0
0,0,0,0,3,11,0,,,,,,,,,,,,0
0,0,0,0,3,11,0,,,,,,,,,,,,0
0,0,0,0,3,11,0,,,,,,,,,,,,0
0,0,0,0,3,11,0,,,,,,,,,,,,0
0,0,0,0,3,11,1,,,,,,,,,,,,0
0,0,0,0,3,11,1,,,,,,,,,,,,0
0,0,0,0,3,11,1,,,,,,,,,,,,0
0,0,0,0,3,11,0,,,,,,,,,,,,0
0,0,0,0,3,11,0,,,,,,,,,,,,0
0,1,0,0,3,11,0,,,,,,,,,,,,3
0,0,0,0,3,11,0,,,,,,,,,,,,0
0,0,0,0,3,11,0,,,,,,,,,,,,0
0,0,0,0,3,11,0,,,,,,,,,,,,0
0,0,0,0,3,11,0,,,,,,,,,,,,0
0,0,0,0,3,11,0,,,,,,,,,,,,0
0,0,0,0,3,11,1,,,,,,,,,,,,0
0,0,0,0,3,11,0,,,,,,,,,,,,0
0,0,0,0,3,11,0,,,,,,,,,,,,0
0,0,0,0,3,11,0,,,,,,,,,,,,0
0,0,0,0,3,11,0,,,,,,,,,,,,0
0,0,0,0,3,11,0,,,,,,,,,,,,0
0,1,0,0,3,11,0,,,,,,,,,,,,3
0,0,0,0,3,11,0,,,,,,,,,,,,0
0,0,0,0,3,11,0,,,,,,,,,,,,0
0,0,0,0,3,11,0,,,,,,,,,,,,0
0,0,0,0,3,11,0,,,,,,,,,,,,0
0,0,0,0,3,11,0,,,,,,,,,,,,0
0,0,0,0,3,11,0,,,,,,,,,,,,0
0,0,0,0,3,11,0,,,,,,,,,,,,0
0,0,0,0,3,11,0,,,,,,,,,,,,0
0,0,0,0,3,11,0,,,,,,,,,,,,0
0,0,0,0,3,11,0,,,,,,,,,,,,0
0,0,0,0,3,11,1,,,,,,,,,,,,0
0,0,0,0,3,11,0,,,,,,,,,,,,0
0,0,0,0,3,11,1,,,,,,,,,,,,0
0,0,0,0,3,11,0,,,,,,,,,,,,0
0,0,0,0,3,11,0,,,,,,,,,,,,0
0,0,0,0,3,11,0,,,,,,,,,,,,0
0,0,0,0,3,11,0,,,,,,,,,,,,0
0,0,0,0,3,11,0,,,,,,,,,,,,0
0,0,0,0,3,11,0,,,,,,,,,,,,0
0,0,0,0,3,11,0,,,,,,,,,,,,0
0,0,0,0,3,11,0,,,,,,,,,,,,0
0,0,0,0,3,11,0,,,,,,,,,,,,0
0,0,0,0,3,11,0,,,,,,,,,,,,0
0,0,0,0,3,11,0,,,,,,,,,,,,0
0,0,0,0,3,11,0,,,,,,,,,,,,0
0,0,0,0,3,11,0,,,,,,,,,,,,0
0,0,0,0,3,11,1,,,,,,,,,,,,0
0,0,0,0,3,11,0,,,,,,,,,,,,0
0,0,0,0,3,11,0,,,,,,,,,,,,0
0,0,0,0,3,11,0,,,,,,,,,,,,0
0,0,0,0,3,11,0,,,,,,,,,,,,0
0,0,0,0,3,11,0,,,,,,,,,,,,0
0,0,0,0,3,11,0,,,,,,,,,,,,0
0,0,0,0,3,11,0,,,,,,,,,,,,0
0,0,0,0,3,11,0,,,,,,,,,,,,0
0,0,0,0,3,11,0,,,,,,,,,,,,0
0,0,0,0,3,11,0,,,,,,,,,,,,0
0,0,0,0,3,11,0,,,,,,,,,,,,0
0,0,0,0,3,11,0,,,,,,,,,,,,0
1,0,1,0,3,11,1,,,,,,,,,,,,1
0,0,0,0,3,11,0,,,,,,,,,,,,0
0,0,0,0,3,11,0,,,,,,,,,,,,0
0,0,0,0,3,11,0,,,,,,,,,,,,0
0,0,0,0,3,11,0,,,,,,,,,,,,0
0,0,0,0,3,11,0,,,,,,,,,,,,0
0,0,0,0,3,11,0,,,,,,,,,,,,0
0,0,0,0,3,11,1,,,,,,,,,,,,0
0,0,0,0,3,11,0,,,,,,,,,,,,0
0,0,0,0,3,11,0,,,,,,,,,,,,0
0,0,0,0,3,11,1,,,,,,,,,,,,0
0,0,0,0,3,11,1,,,,,,,,,,,,0
0,0,0,0,3,11,0,,,,,,,,,,,,0
0,0,0,0,3,11,0,,,,,,,,,,,,0
0,0,0,0,3,11,0,,,,,,,,,,,,0
0,0,0,0,3,11,0,,,,,,,,,,,,0
0,0,0,0,3,11,0,,,,,,,,,,,,0
0,0,0,0,3,11,0,,,,,,,,,,,,0
1,1,0,0,3,11,1,,,,,,,,,,,,3
0,0,0,0,3,11,0,,,,,,,,,,,,0
0,0,0,0,3,11,0,,,,,,,,,,,,0
0,0,0,0,3,11,0,,,,,,,,,,,,0
0,0,0,0,3,11,0,,,,,,,,,,,,0
0,0,0,0,3,11,0,,,,,,,,,,,,0
0,0,0,0,3,11,0,,,,,,,,,,,,0
0,0,0,0,3,11,0,,,,,,,,,,,,0
0,0,0,0,3,11,0,,,,,,,,,,,,0
0,0,0,0,3,11,0,,,,,,,,,,,,0
0,0,0,0,3,11,1,,,,,,,,,,,,0
0,1,0,0,3,11,1,,,,,,,,,,,,3
0,0,0,0,3,11,0,,,,,,,,,,,,0
1,0,0,0,3,11,1,,,,,,,,,,,,0
0,1,0,0,3,11,0,,,,,,,,,,,,3
0,0,0,0,3,11,0,,,,,,,,,,,,0
0,0,0,0,3,11,0,,,,,,,,,,,,0
0,0,0,0,3,11,0,,,,,,,,,,,,0
0,0,0,0,3,11,0,,,,,,,,,,,,0
0,0,0,0,3,11,0,,,,,,,,,,,,0
0,0,0,0,3,11,0,,,,,,,,,,,,0
0,1,0,0,3,11,0,,,,,,,,,,,,3
0,0,0,0,3,11,0,,,,,,,,,,,,0
0,0,0,0,3,11,0,,,,,,,,,,,,0
0,0,0,0,3,11,0,,,,,,,,,,,,0
0,0,0,0,3,11,0,,,,,,,,,,,,0
0,0,0,0,3,11,0,,,,,,,,,,,,0
0,0,0,0,3,11,1,,,,,,,,,,,,0
0,0,1,0,3,11,1,,,,,,,,,,,,1
0,0,0,0,3,11,0,,,,,,,,,,,,0
0,0,0,0,3,11,0,,,,,,,,,,,,0
0,0,0,0,3,11,0,,,,,,,,,,,,0
0,0,0,0,3,11,0,,,,,,,,,,,,0
0,0,0,0,3,11,0,,,,,,,,,,,,0
0,0,0,0,3,11,0,,,,,,,,,,,,0
0,0,0,0,3,11,0,,,,,,,,,,,,0
0,0,0,0,3,11,0,,,,,,,,,,,,0
0,0,0,0,3,11,0,,,,,,,,,,,,0
1,0,0,0,3,11,0,,,,,,,,,,,,0
0,0,0,0,3,11,0,,,,,,,,,,,,0
0,0,0,0,3,11,0,,,,,,,,,,,,0
0,0,0,0,3,11,0,,,,,,,,,,,,0
0,0,0,0,3,11,0,,,,,,,,,,,,0
0,0,0,0,3,11,0,,,,,,,,,,,,0
0,0,0,0,3,11,0,,,,,,,,,,,,0
0,0,0,0,3,11,1,,,,,,,,,,,,0
0,0,0,0,3,11,0,,,,,,,,,,,,0
1,0,0,0,3,11,0,,,,,,,,,,,,0
0,0,0,0,3,11,0,,,,,,,,,,,,0
0,0,0,0,3,11,0,,,,,,,,,,,,0
0,0,0,0,3,11,0,,,,,,,,,,,,0
1,1,1,0,3,11,1,,,,,,,,,,,,1
1,1,0,0,3,11,1,,,,,,,,,,,,3
0,0,0,0,3,11,0,,,,,,,,,,,,0
1,0,0,0,3,11,0,,,,,,,,,,,,0
0,0,0,0,3,11,0,,,,,,,,,,,,0
0,0,0,0,3,11,0,,,,,,,,,,,,0
0,0,0,0,3,11,0,,,,,,,,,,,,0
0,0,0,0,3,11,0,,,,,,,,,,,,0
0,0,0,0,3,11,0,,,,,,,,,,,,0
0,0,0,0,3,11,1,,,,,,,,,,,,0
0,0,0,1,3,11,0,,,,,,,,,,,,2
1,1,0,0,3,11,1,,,,,,,,,,,,3
1,1,0,0,3,11,1,,,,,,,,,,,,3
1,0,0,0,3,11,0,,,,,,,,,,,,0
0,0,0,0,3,11,1,,,,,,,,,,,,0
0,0,0,0,3,11,1,,,,,,,,,,,,0
0,0,0,0,3,11,1,,,,,,,,,,,,0
0,0,0,0,3,11,0,,,,,,,,,,,,0
0,0,0,0,3,11,0,,,,,,,,,,,,0
0,0,0,0,3,11,0,,,,,,,,,,,,0
0,0,0,0,3,11,0,,,,,,,,,,,,0
0,0,0,0,3,11,0,,,,,,,,,,,,0
0,0,0,0,3,11,0,,,,,,,,,,,,0
1,0,0,0,3,11,0,,,,,,,,,,,,0
0,0,0,0,3,11,0,,,,,,,,,,,,0
0,0,0,0,3,11,0,,,,,,,,,,,,0
0,0,0,0,3,11,0,,,,,,,,,,,,0
1,0,0,0,3,11,0,,,,,,,,,,,,0
0,1,0,0,3,11,0,,,,,,,,,,,,3
0,0,0,0,3,11,0,,,,,,,,,,,,0
0,0,0,0,3,11,0,,,,,,,,,,,,0
0,0,0,0,3,11,0,,,,,,,,,,,,0
0,0,0,0,3,11,1,,,,,,,,,,,,0
0,0,0,0,3,11,1,,,,,,,,,,,,0
0,0,0,0,3,11,0,,,,,,,,,,,,0
0,0,0,0,3,11,0,,,,,,,,,,,,0
0,0,0,0,3,11,0,,,,,,,,,,,,0
0,0,0,0,3,11,0,,,,,,,,,,,,0
0,0,0,0,3,11,0,,,,,,,,,,,,0
1,1,0,0,3,11,0,,,,,,,,,,,,3
0,0,0,0,3,11,1,,,,,,,,,,,,0
0,0,0,0,3,11,0,,,,,,,,,,,,0
0,0,0,0,3,11,0,,,,,,,,,,,,0
0,0,0,0,3,11,1,,,,,,,,,,,,0
0,0,0,0,3,11,0,,,,,,,,,,,,0
0,0,0,0,3,11,0,,,,,,,,,,,,0
0,0,0,0,3,11,0,,,,,,,,,,,,0
0,0,0,0,3,11,1,,,,,,,,,,,,0
0,0,0,0,3,11,0,,,,,,,,,,,,0
0,0,0,0,3,11,0,,,,,,,,,,,,0
0,0,0,0,3,11,0,,,,,,,,,,,,0
0,0,0,0,3,11,0,,,,,,,,,,,,0
0,0,0,0,3,11,0,,,,,,,,,,,,0
0,0,0,0,3,11,0,,,,,,,,,,,,0
0,0,0,0,3,11,0,,,,,,,,,,,,0
0,0,0,0,3,11,0,,,,,,,,,,,,0
0,0,0,0,3,11,0,,,,,,,,,,,,0
0,0,0,0,3,11,0,,,,,,,,,,,,0
0,0,0,0,3,11,0,,,,,,,,,,,,0
0,0,0,0,3,11,0,,,,,,,,,,,,0
0,0,0,0,3,11,1,,,,,,,,,,,,0
0,0,0,0,3,11,0,,,,,,,,,,,,0
0,0,0,0,3,11,0,,,,,,,,,,,,0
0,0,0,0,3,11,0,,,,,,,,,,,,0
0,0,0,0,3,11,0,,,,,,,,,,,,0
0,0,0,0,3,11,1,,,,,,,,,,,,0
0,0,0,0,3,11,0,,,,,,,,,,,,0
0,0,0,0,3,11,0,,,,,,,,,,,,0
0,0,0,0,3,11,0,,,,,,,,,,,,0
0,0,0,0,3,11,0,,,,,,,,,,,,0
0,0,0,0,3,11,0,,,,,,,,,,,,0
0,0,0,0,3,11,0,,,,,,,,,,,,0
0,0,0,0,3,11,0,,,,,,,,,,,,0
0,0,0,0,3,11,0,,,,,,,,,,,,0
0,0,0,0,3,11,1,,,,,,,,,,,,0
0,0,0,0,3,11,0,,,,,,,,,,,,0
0,0,0,0,3,11,0,,,,,,,,,,,,0
0,0,0,0,3,11,0,,,,,,,,,,,,0
0,0,0,0,3,11,0,,,,,,,,,,,,0
0,0,0,0,3,11,0,,,,,,,,,,,,0
0,0,0,0,3,11,0,,,,,,,,,,,,0
0,0,0,0,3,11,0,,,,,,,,,,,,0
1,0,0,0,3,11,0,,,,,,,,,,,,0
0,0,0,0,3,11,0,,,,,,,,,,,,0
0,0,0,0,3,11,0,,,,,,,,,,,,0
0,0,0,0,3,11,0,,,,,,,,,,,,0
0,0,0,0,3,11,0,,,,,,,,,,,,0
0,0,0,0,3,11,0,,,,,,,,,,,,0
0,1,0,0,3,11,0,,,,,,,,,,,,3
0,0,0,0,3,11,0,,,,,,,,,,,,0
0,0,0,0,3,11,0,,,,,,,,,,,,0
1,0,0,0,3,11,0,,,,,,,,,,,,0
0,0,0,0,3,11,0,,,,,,,,,,,,0
0,0,0,0,3,11,1,,,,,,,,,,,,0
0,0,0,0,3,11,0,,,,,,,,,,,,0
0,0,0,0,3,11,0,,,,,,,,,,,,0
0,0,0,0,3,11,0,,,,,,,,,,,,0
0,0,0,0,3,11,0,,,,,,,,,,,,0
0,0,0,0,3,11,1,,,,,,,,,,,,0
0,0,0,0,3,11,0,,,,,,,,,,,,0
0,0,0,0,3,11,0,,,,,,,,,,,,0
0,0,0,0,3,11,0,,,,,,,,,,,,0
0,1,0,0,3,11,0,,,,,,,,,,,,3
0,1,0,0,3,11,0,,,,,,,,,,,,3
0,0,0,0,3,11,0,,,,,,,,,,,,0
0,0,0,0,3,11,0,,,,,,,,,,,,0
0,0,0,0,3,11,0,,,,,,,,,,,,0
0,0,0,0,3,11,1,,,,,,,,,,,,0
0,0,0,0,3,11,0,,,,,,,,,,,,0
0,0,0,0,3,11,0,,,,,,,,,,,,0
0,1,0,0,3,11,0,,,,,,,,,,,,3
0,0,0,0,3,11,0,,,,,,,,,,,,0
0,0,0,0,3,11,0,,,,,,,,,,,,0
0,0,0,0,3,11,0,,,,,,,,,,,,0
0,0,0,0,3,11,0,,,,,,,,,,,,0
0,0,0,0,3,11,0,,,,,,,,,,,,0
0,0,0,0,3,11,0,,,,,,,,,,,,0
0,0,0,0,3,11,1,,,,,,,,,,,,0
0,0,0,0,3,11,0,,,,,,,,,,,,0
0,0,0,0,3,11,1,,,,,,,,,,,,0
0,0,0,0,3,11,0,,,,,,,,,,,,0
0,0,0,0,3,11,0,,,,,,,,,,,,0
0,0,0,0,3,11,0,,,,,,,,,,,,0
0,0,0,0,3,11,0,,,,,,,,,,,,0
0,0,0,0,3,11,1,,,,,,,,,,,,0
0,0,0,0,3,11,0,,,,,,,,,,,,0
0,0,0,0,3,11,0,,,,,,,,,,,,0
0,0,0,0,3,11,0,,,,,,,,,,,,0
0,0,0,0,3,11,0,,,,,,,,,,,,0
0,0,0,0,3,11,1,,,,,,,,,,,,0
0,0,0,0,3,11,0,,,,,,,,,,,,0
1,1,0,0,3,11,1,,,,,,,,,,,,3
0,0,0,0,3,11,0,,,,,,,,,,,,0
0,0,0,0,3,11,0,,,,,,,,,,,,0
0,0,0,0,3,11,0,,,,,,,,,,,,0
1,1,0,0,3,11,1,,,,,,,,,,,,3
0,0,0,0,3,11,0,,,,,,,,,,,,0
0,0,0,0,3,11,0,,,,,,,,,,,,0
0,0,0,0,3,11,0,,,,,,,,,,,,0
0,0,0,0,3,11,0,,,,,,,,,,,,0
1,0,0,1,3,11,1,,,,,,,,,,,,2
0,0,0,0,3,11,0,,,,,,,,,,,,0
0,0,0,0,3,11,0,,,,,,,,,,,,0
0,0,0,0,3,11,1,,,,,,,,,,,,0
0,0,0,0,3,11,1,,,,,,,,,,,,0
0,1,0,0,3,11,0,,,,,,,,,,,,3
0,0,0,0,3,11,0,,,,,,,,,,,,0
0,0,0,0,3,11,0,,,,,,,,,,,,0
0,0,0,0,3,11,0,,,,,,,,,,,,0
0,0,0,0,3,11,0,,,,,,,,,,,,0
0,0,0,0,3,11,0,,,,,,,,,,,,0
0,0,0,0,3,11,0,,,,,,,,,,,,0
0,0,0,0,3,11,0,,,,,,,,,,,,0
0,0,0,0,3,11,0,,,,,,,,,,,,0
1,0,0,0,3,11,1,,,,,,,,,,,,0
0,0,0,0,3,11,1,,,,,,,,,,,,0
0,0,0,0,3,11,0,,,,,,,,,,,,0
0,0,0,0,3,11,0,,,,,,,,,,,,0
0,0,0,0,3,11,0,,,,,,,,,,,,0
1,1,0,0,3,11,1,,,,,,,,,,,,3
0,0,0,0,3,11,0,,,,,,,,,,,,0
0,0,0,0,3,11,0,,,,,,,,,,,,0
0,0,0,0,3,11,0,,,,,,,,,,,,0
0,0,0,0,3,11,0,,,,,,,,,,,,0
0,0,0,0,3,11,0,,,,,,,,,,,,0
0,0,0,0,3,11,0,,,,,,,,,,,,0
0,0,0,0,3,11,1,,,,,,,,,,,,0
0,1,0,0,3,11,0,,,,,,,,,,,,3
0,0,0,0,3,11,0,,,,,,,,,,,,0
0,0,0,0,3,11,0,,,,,,,,,,,,0
0,0,0,0,3,11,1,,,,,,,,,,,,0
0,0,0,0,3,11,1,,,,,,,,,,,,0
0,0,0,0,3,11,0,,,,,,,,,,,,0
0,0,0,0,3,11,0,,,,,,,,,,,,0
0,0,0,0,3,11,0,,,,,,,,,,,,0
0,0,0,0,3,11,0,,,,,,,,,,,,0
0,0,0,0,3,11,0,,,,,,,,,,,,0
0,0,0,0,3,11,1,,,,,,,,,,,,0
0,0,0,0,3,11,0,,,,,,,,,,,,0
0,0,0,0,3,11,0,,,,,,,,,,,,0
0,0,0,0,3,11,0,,,,,,,,,,,,0
1,1,0,0,3,11,0,,,,,,,,,,,,3
0,0,0,0,3,11,0,,,,,,,,,,,,0
0,1,0,0,3,11,0,,,,,,,,,,,,3
0,0,0,0,3,11,0,,,,,,,,,,,,0
0,0,0,0,3,11,0,,,,,,,,,,,,0
0,0,0,0,3,11,0,,,,,,,,,,,,0
1,0,0,0,3,11,0,,,,,,,,,,,,0
0,0,0,0,3,11,0,,,,,,,,,,,,0
0,0,0,0,3,11,0,,,,,,,,,,,,0
0,0,0,0,3,11,0,,,,,,,,,,,,0
0,0,0,0,3,11,0,,,,,,,,,,,,0
0,0,0,0,3,11,0,,,,,,,,,,,,0
0,0,0,0,3,11,0,,,,,,,,,,,,0
0,0,0,0,3,11,0,,,,,,,,,,,,0
0,0,0,0,3,11,0,,,,,,,,,,,,0
0,0,0,0,3,11,0,,,,,,,,,,,,0
0,0,0,0,3,11,0,,,,,,,,,,,,0
0,0,0,0,3,11,0,,,,,,,,,,,,0
0,0,0,0,3,11,0,,,,,,,,,,,,0
0,0,0,0,3,11,0,,,,,,,,,,,,0
0,0,0,0,3,11,0,,,,,,,,,,,,0
0,0,0,0,3,11,0,,,,,,,,,,,,0
0,1,0,0,3,11,1,,,,,,,,,,,,3
0,0,0,0,3,11,0,,,,,,,,,,,,0
0,0,1,0,3,11,1,,,,,,,,,,,,1
0,0,0,0,3,11,0,,,,,,,,,,,,0
0,0,0,0,3,11,0,,,,,,,,,,,,0
0,0,0,0,3,11,0,,,,,,,,,,,,0
0,0,0,0,3,11,0,,,,,,,,,,,,0
0,0,0,0,3,11,0,,,,,,,,,,,,0
0,0,0,0,3,11,0,,,,,,,,,,,,0
1,1,1,0,3,11,1,,,,,,,,,,,,1
1,0,0,0,3,11,0,,,,,,,,,,,,0
0,0,0,1,3,11,0,,,,,,,,,,,,2
0,0,0,0,3,11,0,,,,,,,,,,,,0
0,0,1,0,3,11,0,,,,,,,,,,,,1
0,0,0,0,3,11,0,,,,,,,,,,,,0
0,0,0,0,3,11,1,,,,,,,,,,,,0
0,0,0,0,3,11,0,,,,,,,,,,,,0
0,0,0,0,3,11,0,,,,,,,,,,,,0
0,0,0,0,3,11,0,,,,,,,,,,,,0
0,0,0,0,3,11,0,,,,,,,,,,,,0
0,0,0,0,3,11,0,,,,,,,,,,,,0
0,0,0,0,3,11,0,,,,,,,,,,,,0
0,0,0,0,3,11,0,,,,,,,,,,,,0
0,0,0,0,3,11,1,,,,,,,,,,,,0
0,0,0,0,3,11,1,,,,,,,,,,,,0
0,0,0,0,3,11,0,,,,,,,,,,,,0
0,0,0,0,3,11,0,,,,,,,,,,,,0
1,1,0,0,3,11,1,,,,,,,,,,,,3
0,0,0,0,3,11,0,,,,,,,,,,,,0
0,0,0,0,3,11,0,,,,,,,,,,,,0
0,0,0,0,3,11,0,,,,,,,,,,,,0
0,0,0,0,3,11,0,,,,,,,,,,,,0
0,0,0,0,3,11,0,,,,,,,,,,,,0
0,0,0,0,3,11,1,,,,,,,,,,,,0
0,0,0,0,3,11,0,,,,,,,,,,,,0
0,0,0,0,3,11,0,,,,,,,,,,,,0
0,0,0,0,3,11,0,,,,,,,,,,,,0
0,0,0,0,3,11,0,,,,,,,,,,,,0
0,0,0,0,3,11,0,,,,,,,,,,,,0
0,0,0,0,3,11,0,,,,,,,,,,,,0
0,0,0,0,3,11,1,,,,,,,,,,,,0
0,0,0,0,3,11,0,,,,,,,,,,,,0
0,0,0,0,3,11,0,,,,,,,,,,,,0
0,0,0,0,3,11,0,,,,,,,,,,,,0
0,0,0,0,3,11,0,,,,,,,,,,,,0
1,0,0,0,3,11,1,,,,,,,,,,,,0
0,0,0,0,3,11,0,,,,,,,,,,,,0
0,0,0,0,3,11,0,,,,,,,,,,,,0
1,0,1,0,3,11,1,,,,,,,,,,,,1
0,0,0,0,3,11,0,,,,,,,,,,,,0
0,0,0,0,3,11,1,,,,,,,,,,,,0
0,0,0,0,3,11,0,,,,,,,,,,,,0
0,0,0,0,3,11,0,,,,,,,,,,,,0
0,0,0,0,3,11,0,,,,,,,,,,,,0
0,0,0,0,3,11,0,,,,,,,,,,,,0
0,1,0,0,3,11,1,,,,,,,,,,,,3
1,0,0,0,3,11,0,,,,,,,,,,,,0
0,0,0,0,3,11,0,,,,,,,,,,,,0
0,0,0,0,3,11,0,,,,,,,,,,,,0
0,0,0,0,3,11,1,,,,,,,,,,,,0
0,0,0,0,3,11,0,,,,,,,,,,,,0
0,0,0,0,3,11,0,,,,,,,,,,,,0
0,0,0,0,3,11,0,,,,,,,,,,,,0
0,0,0,0,3,11,0,,,,,,,,,,,,0
0,0,0,0,3,11,0,,,,,,,,,,,,0
0,0,0,0,3,11,1,,,,,,,,,,,,0
0,0,0,0,3,11,1,,,,,,,,,,,,0
0,0,0,0,3,11,0,,,,,,,,,,,,0
0,0,0,0,3,11,1,,,,,,,,,,,,0
1,1,0,0,3,11,0,,,,,,,,,,,,3
0,0,0,0,3,11,0,,,,,,,,,,,,0
0,0,0,0,3,11,0,,,,,,,,,,,,0
0,0,0,0,3,11,0,,,,,,,,,,,,0
0,0,0,0,3,11,0,,,,,,,,,,,,0
0,0,0,0,3,11,0,,,,,,,,,,,,0
0,0,0,0,3,11,0,,,,,,,,,,,,0
0,0,0,0,3,11,0,,,,,,,,,,,,0
0,1,0,0,3,11,1,,,,,,,,,,,,3
0,0,0,0,3,11,0,,,,,,,,,,,,0
1,0,0,0,3,11,1,,,,,,,,,,,,0
1,0,0,0,3,11,0,,,,,,,,,,,,0
0,0,0,0,3,11,0,,,,,,,,,,,,0
1,1,0,0,3,11,1,,,,,,,,,,,,3
0,1,0,0,3,11,1,,,,,,,,,,,,3
0,0,0,0,3,11,0,,,,,,,,,,,,0
0,0,0,0,3,11,0,,,,,,,,,,,,0
0,0,0,0,3,11,0,,,,,,,,,,,,0
0,0,0,0,3,11,0,,,,,,,,,,,,0
0,0,0,0,3,11,0,,,,,,,,,,,,0
0,0,0,0,3,11,1,,,,,,,,,,,,0
0,0,0,0,3,11,0,,,,,,,,,,,,0
0,0,0,0,3,11,0,,,,,,,,,,,,0
0,0,0,0,3,11,0,,,,,,,,,,,,0
0,0,0,0,3,11,0,,,,,,,,,,,,0
0,0,0,0,3,11,0,,,,,,,,,,,,0
0,0,0,0,3,11,0,,,,,,,,,,,,0
0,0,0,0,3,11,0,,,,,,,,,,,,0
0,0,0,0,3,11,0,,,,,,,,,,,,0
0,0,0,0,3,11,0,,,,,,,,,,,,0
1,1,0,0,3,11,1,,,,,,,,,,,,3
0,0,0,0,3,11,0,,,,,,,,,,,,0
0,0,0,0,3,11,1,,,,,,,,,,,,0
0,0,0,0,3,11,0,,,,,,,,,,,,0
0,0,0,0,3,11,1,,,,,,,,,,,,0
0,0,0,0,3,11,0,,,,,,,,,,,,0
0,0,0,1,3,11,0,,,,,,,,,,,,2
0,0,0,0,3,11,0,,,,,,,,,,,,0
0,0,0,0,3,11,0,,,,,,,,,,,,0
0,0,0,0,3,11,0,,,,,,,,,,,,0
0,0,0,0,3,11,0,,,,,,,,,,,,0
0,0,0,0,3,11,0,,,,,,,,,,,,0
0,0,0,0,3,11,0,,,,,,,,,,,,0
0,0,0,0,3,11,0,,,,,,,,,,,,0
0,0,0,0,3,11,0,,,,,,,,,,,,0
0,0,0,0,3,11,0,,,,,,,,,,,,0
0,0,0,0,3,11,1,,,,,,,,,,,,0
0,0,0,0,3,11,0,,,,,,,,,,,,0
0,0,0,0,3,11,1,,,,,,,,,,,,0
0,0,0,0,3,11,0,,,,,,,,,,,,0
0,0,0,0,3,11,0,,,,,,,,,,,,0
0,0,0,0,3,11,0,,,,,,,,,,,,0
0,0,0,0,3,11,0,,,,,,,,,,,,0
0,0,0,0,3,11,0,,,,,,,,,,,,0
0,0,0,0,3,11,0,,,,,,,,,,,,0
0,0,0,0,3,11,0,,,,,,,,,,,,0
0,0,0,0,3,11,0,,,,,,,,,,,,0
0,0,0,0,3,11,0,,,,,,,,,,,,0
0,0,0,0,3,11,0,,,,,,,,,,,,0
0,0,0,0,3,11,0,,,,,,,,,,,,0
0,0,0,0,3,11,0,,,,,,,,,,,,0
0,0,0,0,3,11,0,,,,,,,,,,,,0
0,0,0,0,3,11,0,,,,,,,,,,,,0
0,0,0,0,3,11,0,,,,,,,,,,,,0
0,0,0,0,3,11,0,,,,,,,,,,,,0
1,1,0,0,3,11,0,,,,,,,,,,,,3
0,0,0,0,3,11,1,,,,,,,,,,,,0
0,0,0,0,3,11,0,,,,,,,,,,,,0
0,0,0,0,3,11,0,,,,,,,,,,,,0
0,1,0,0,3,11,0,,,,,,,,,,,,3
0,0,0,0,3,11,0,,,,,,,,,,,,0
0,0,0,0,3,11,0,,,,,,,,,,,,0
0,0,0,0,3,11,0,,,,,,,,,,,,0
0,0,0,0,3,11,0,,,,,,,,,,,,0
0,0,0,0,3,11,0,,,,,,,,,,,,0
0,0,0,0,3,11,0,,,,,,,,,,,,0
0,0,0,0,3,11,0,,,,,,,,,,,,0
0,0,0,0,3,11,0,,,,,,,,,,,,0
0,0,0,0,3,11,0,,,,,,,,,,,,0
0,0,0,0,3,11,0,,,,,,,,,,,,0
0,0,0,0,3,11,0,,,,,,,,,,,,0
0,0,0,0,3,11,0,,,,,,,,,,,,0
0,0,0,0,3,11,0,,,,,,,,,,,,0
0,0,0,0,3,11,0,,,,,,,,,,,,0
0,0,0,0,3,11,0,,,,,,,,,,,,0
0,0,0,0,3,11,0,,,,,,,,,,,,0
0,0,0,0,3,11,0,,,,,,,,,,,,0
0,0,0,0,3,11,0,,,,,,,,,,,,0
0,0,0,0,3,11,0,,,,,,,,,,,,0
0,0,0,0,3,11,0,,,,,,,,,,,,0
0,0,0,0,3,11,0,,,,,,,,,,,,0
0,0,0,0,3,11,1,,,,,,,,,,,,0
0,0,0,0,3,11,0,,,,,,,,,,,,0
0,0,0,0,3,11,1,,,,,,,,,,,,0
0,0,0,0,3,11,0,,,,,,,,,,,,0
0,0,0,0,3,11,0,,,,,,,,,,,,0
0,0,0,0,3,11,0,,,,,,,,,,,,0
0,0,0,0,3,11,0,,,,,,,,,,,,0
0,0,0,0,3,11,0,,,,,,,,,,,,0
0,0,0,0,3,11,0,,,,,,,,,,,,0
0,0,0,0,3,11,0,,,,,,,,,,,,0
0,0,0,0,3,11,0,,,,,,,,,,,,0
1,0,0,0,3,11,1,,,,,,,,,,,,0
0,0,0,0,3,11,0,,,,,,,,,,,,0
0,0,0,0,3,11,0,,,,,,,,,,,,0
0,0,0,0,3,11,0,,,,,,,,,,,,0
0,0,0,0,3,11,0,,,,,,,,,,,,0
0,0,0,0,3,11,0,,,,,,,,,,,,0
0,0,0,0,3,11,1,,,,,,,,,,,,0
0,0,0,0,3,11,0,,,,,,,,,,,,0
0,0,0,0,3,11,0,,,,,,,,,,,,0
1,1,0,0,3,11,1,,,,,,,,,,,,3
0,0,0,0,3,11,1,,,,,,,,,,,,0
0,0,0,0,3,11,0,,,,,,,,,,,,0
0,0,0,0,3,11,0,,,,,,,,,,,,0
0,0,0,0,3,11,0,,,,,,,,,,,,0
1,0,0,0,3,11,1,,,,,,,,,,,,0
0,0,1,0,3,11,0,,,,,,,,,,,,1
0,0,0,0,3,11,0,,,,,,,,,,,,0
0,0,0,0,3,11,0,,,,,,,,,,,,0
0,0,0,0,3,11,1,,,,,,,,,,,,0
1,0,0,0,3,11,0,,,,,,,,,,,,0
0,0,0,0,3,11,0,,,,,,,,,,,,0
0,0,0,0,3,11,0,,,,,,,,,,,,0
0,0,0,0,3,11,0,,,,,,,,,,,,0
0,0,0,0,3,11,1,,,,,,,,,,,,0
0,0,0,0,3,11,0,,,,,,,,,,,,0
1,0,0,0,3,11,1,,,,,,,,,,,,0
0,0,0,0,3,11,0,,,,,,,,,,,,0
0,0,0,0,3,11,0,,,,,,,,,,,,0
0,0,0,0,3,11,0,,,,,,,,,,,,0
0,0,0,0,3,11,0,,,,,,,,,,,,0
0,0,0,0,3,11,0,,,,,,,,,,,,0
0,0,0,0,3,11,0,,,,,,,,,,,,0
0,0,0,0,3,11,0,,,,,,,,,,,,0
0,0,0,0,3,11,0,,,,,,,,,,,,0
0,0,0,0,3,11,0,,,,,,,,,,,,0
0,0,0,0,3,11,0,,,,,,,,,,,,0
0,0,0,0,3,11,0,,,,,,,,,,,,0
0,0,0,0,3,11,0,,,,,,,,,,,,0
0,0,0,0,3,11,0,,,,,,,,,,,,0
0,0,0,0,3,11,0,,,,,,,,,,,,0
0,0,0,0,3,11,0,,,,,,,,,,,,0
1,0,1,0,3,11,0,,,,,,,,,,,,1
0,0,0,0,3,11,0,,,,,,,,,,,,0
1,0,0,0,3,11,1,,,,,,,,,,,,0
0,0,0,0,3,11,1,,,,,,,,,,,,0
0,0,0,0,3,11,0,,,,,,,,,,,,0
0,0,0,0,3,11,0,,,,,,,,,,,,0
0,1,0,0,3,11,1,,,,,,,,,,,,3
0,0,0,0,3,11,0,,,,,,,,,,,,0
0,0,0,0,3,11,0,,,,,,,,,,,,0
0,0,0,0,3,11,0,,,,,,,,,,,,0
0,0,0,0,3,11,0,,,,,,,,,,,,0
0,0,0,0,3,11,0,,,,,,,,,,,,0
0,0,0,0,3,11,0,,,,,,,,,,,,0
0,0,0,0,3,11,0,,,,,,,,,,,,0
0,0,0,0,3,11,1,,,,,,,,,,,,0
0,0,0,0,3,11,0,,,,,,,,,,,,0
0,0,0,0,3,11,0,,,,,,,,,,,,0
0,0,0,0,3,11,0,,,,,,,,,,,,0
0,0,0,0,3,11,0,,,,,,,,,,,,0
1,0,0,0,3,11,0,,,,,,,,,,,,0
1,0,0,0,3,11,1,,,,,,,,,,,,0
0,0,0,0,3,11,0,,,,,,,,,,,,0
0,0,0,0,3,11,0,,,,,,,,,,,,0
0,0,0,0,3,11,0,,,,,,,,,,,,0
0,0,0,0,3,11,0,,,,,,,,,,,,0
0,0,0,0,3,11,0,,,,,,,,,,,,0
0,1,0,0,3,11,0,,,,,,,,,,,,3
0,0,0,0,3,11,0,,,,,,,,,,,,0
0,0,0,0,3,11,0,,,,,,,,,,,,0
0,0,0,0,3,11,0,,,,,,,,,,,,0
0,0,0,0,3,11,0,,,,,,,,,,,,0
0,0,0,0,3,11,0,,,,,,,,,,,,0
0,0,0,0,3,11,0,,,,,,,,,,,,0
0,0,0,0,3,11,0,,,,,,,,,,,,0
0,0,0,0,3,11,0,,,,,,,,,,,,0
0,0,0,0,3,11,1,,,,,,,,,,,,0
0,0,0,0,3,11,0,,,,,,,,,,,,0
0,0,0,0,3,11,0,,,,,,,,,,,,0
0,1,0,0,3,11,0,,,,,,,,,,,,3
0,0,0,0,3,11,0,,,,,,,,,,,,0
0,0,0,0,3,11,0,,,,,,,,,,,,0
0,0,0,0,3,11,0,,,,,,,,,,,,0
1,1,1,0,3,11,1,,,,,,,,,,,,1
1,1,0,0,3,11,0,,,,,,,,,,,,3
0,0,0,0,3,11,0,,,,,,,,,,,,0
0,0,0,0,3,11,0,,,,,,,,,,,,0
1,0,1,0,3,11,1,,,,,,,,,,,,1
0,0,0,0,3,11,0,,,,,,,,,,,,0
0,0,0,0,3,11,0,,,,,,,,,,,,0
0,1,0,0,3,11,0,,,,,,,,,,,,3
1,1,0,0,3,11,1,,,,,,,,,,,,3
0,0,0,0,3,11,0,,,,,,,,,,,,0
0,0,0,0,3,11,0,,,,,,,,,,,,0
0,0,0,0,3,11,0,,,,,,,,,,,,0
0,0,0,0,3,11,0,,,,,,,,,,,,0
0,0,0,0,3,11,0,,,,,,,,,,,,0
0,0,0,0,3,11,0,,,,,,,,,,,,0
0,0,0,0,3,11,0,,,,,,,,,,,,0
0,0,0,0,3,11,0,,,,,,,,,,,,0
0,0,0,0,3,11,0,,,,,,,,,,,,0
0,0,0,0,3,11,0,,,,,,,,,,,,0
0,0,0,0,3,11,0,,,,,,,,,,,,0
1,0,0,0,3,11,0,,,,,,,,,,,,0
0,0,0,0,3,11,0,,,,,,,,,,,,0
0,0,0,0,3,11,0,,,,,,,,,,,,0
0,0,0,0,3,11,1,,,,,,,,,,,,0
0,0,0,0,3,11,0,,,,,,,,,,,,0
0,0,0,0,3,11,0,,,,,,,,,,,,0
0,1,0,0,3,11,1,,,,,,,,,,,,3
0,0,0,0,3,11,1,,,,,,,,,,,,0
0,0,0,0,3,11,0,,,,,,,,,,,,0
0,0,0,0,3,11,0,,,,,,,,,,,,0
0,0,0,0,3,11,0,,,,,,,,,,,,0
0,0,0,0,3,11,1,,,,,,,,,,,,0
0,0,0,0,3,11,0,,,,,,,,,,,,0
0,0,0,0,3,11,0,,,,,,,,,,,,0
0,0,0,0,3,11,0,,,,,,,,,,,,0
0,0,0,0,3,11,1,,,,,,,,,,,,0
0,0,0,0,3,11,0,,,,,,,,,,,,0
0,0,0,0,3,11,0,,,,,,,,,,,,0
0,0,0,0,3,11,0,,,,,,,,,,,,0
0,0,0,0,3,11,0,,,,,,,,,,,,0
0,0,0,0,3,11,0,,,,,,,,,,,,0
0,0,0,0,3,11,0,,,,,,,,,,,,0
0,0,0,0,3,11,0,,,,,,,,,,,,0
0,0,0,0,3,11,0,,,,,,,,,,,,0
0,0,0,0,3,11,0,,,,,,,,,,,,0
0,0,0,0,3,11,0,,,,,,,,,,,,0
0,0,0,0,3,11,0,,,,,,,,,,,,0
0,0,0,0,3,11,0,,,,,,,,,,,,0
0,0,0,0,3,11,0,,,,,,,,,,,,0
0,0,0,0,3,11,0,,,,,,,,,,,,0
0,0,0,0,3,11,0,,,,,,,,,,,,0
0,0,0,0,3,11,0,,,,,,,,,,,,0
0,0,0,0,3,11,0,,,,,,,,,,,,0
0,0,0,0,3,11,0,,,,,,,,,,,,0
1,0,0,0,3,11,1,,,,,,,,,,,,0
0,0,0,0,3,11,0,,,,,,,,,,,,0
0,0,0,0,3,11,0,,,,,,,,,,,,0
0,0,0,0,3,11,0,,,,,,,,,,,,0
0,0,0,0,3,11,0,,,,,,,,,,,,0
0,0,0,0,3,11,0,,,,,,,,,,,,0
0,0,0,0,3,11,0,,,,,,,,,,,,0
0,0,0,0,3,11,0,,,,,,,,,,,,0
0,0,0,0,3,11,0,,,,,,,,,,,,0
0,0,0,0,3,11,0,,,,,,,,,,,,0
0,0,0,0,3,11,0,,,,,,,,,,,,0
0,0,0,0,3,11,0,,,,,,,,,,,,0
0,0,0,0,3,11,0,,,,,,,,,,,,0
0,0,0,0,3,11,0,,,,,,,,,,,,0
0,0,0,0,3,11,0,,,,,,,,,,,,0
0,1,0,0,3,11,0,,,,,,,,,,,,3
0,0,0,0,3,11,0,,,,,,,,,,,,0
0,0,0,0,3,11,0,,,,,,,,,,,,0
0,0,0,0,3,11,1,,,,,,,,,,,,0
